iteration,seed,final_objective_value,n_iter_opt,x0,x1,x2,x3,x4,x5,x6,x7,x8,x9
0,0,9.585379695839324e-06,50,0.01001139048887625,0.0337960739393953,1.3573567423495963e-05,8.774875162018884e-11,6.015378064523659e-13,-0.40271035099914204,0.9766248156844821,-0.5334867943717723,0.9795266400456896,0.2569955571428243
1,1,9.652285859860909e-06,232,0.901972395827327,0.027396333033453398,1.620910169156508e-08,1.04240151879869e-08,2.9661497868097038e-12,0.5769668584134522,0.9372295651469817,0.901841811166923,-0.4017737227404016,0.3008283376043882
2,2,9.756388757011754e-06,81,1.021818454556773,0.02704921666868054,2.6169210657636008e-08,9.923710548961833e-09,2.6803583208697325e-12,0.5441223516696132,0.0027980260521952936,0.6141336841412375,-0.35686561461272026,0.26637070452743355
3,3,0.00036830516480580993,501,4.114475113438145,0.006034000531648938,4.3134255959088266e-05,3.964708067183547e-08,6.742477667084904e-12,0.5156604629896571,0.3786209484746932,0.26019549196958736,-0.2817817074457901,0.27198260099886995
4,4,6.761076702811535e-06,31,0.5630515900081563,0.030496322964928272,8.802853783662826e-06,9.393313835756713e-10,3.667103960583892e-13,0.7801674306557826,0.08782821890796527,-0.4170703037708422,-0.24314501107187977,-0.20463166488604342
5,5,2.452692291584146e-05,501,0.9656257722530364,0.028174477103195986,5.730982903749941e-06,1.870480595435964e-11,2.698146946614509e-12,0.9207503361386734,0.2287694474570222,-0.7644068551949902,0.9932488987486294,-0.6672389013865113
6,6,1.134746428110173e-05,501,0.01000545271456184,0.03350136876477879,1.1303455531946406e-05,4.823902721850363e-09,3.685405965049585e-12,-0.9646414988549179,0.9333817527101991,-0.8719578274837227,-0.8371730372531945,0.47940559431222807
7,7,9.454345740969735e-06,81,0.011120634756990242,0.03373259200907477,1.3462611339214488e-05,1.0278371439266357e-11,7.067220338094747e-13,-0.6023424273159691,0.3394607611292349,-0.3307892265841207,-0.9504950813910815,0.11239880939058448
8,8,0.0012402143248024856,501,5.595314076546531,1.0000067788123562e-05,3.894291466958481e-05,1.2101079046568157e-08,1.2436521937632254e-11,0.8012774751801687,-0.4703381226645772,0.8052592444887537,-0.38112587585737456,-0.9655764477952395
9,9,3.2112744521300307e-06,87,0.23871548436887605,0.03264937299004954,1.2351363695738814e-05,3.8355797460438476e-11,4.806934603719106e-13,0.047651096399872195,0.6933303986673176,-0.6375712275579168,-0.4254699130360132,0.623721007608768
10,10,2.9086390402764125e-05,501,1.2142274088570872,0.026099082717301356,1.0729383288805589e-08,6.293997503069884e-09,3.1950596986590225e-13,0.6438439568166878,0.7985174398543157,0.38448477729271546,-0.7752439001855849,-0.6084507767584169
11,11,9.90801753447749e-06,31,0.08449125876194892,0.03445699307453408,1.4916016341018866e-05,1.7278214684760932e-10,1.3877912922984202e-12,-0.38718621583079194,0.7815020212139464,-0.1952400710778265,0.5519342905482243,0.34800197145894174
12,12,2.877696737863403e-05,501,0.7509270580861384,0.02922293912653602,7.524556391156772e-06,6.81522735796478e-10,2.256286883494461e-12,0.48444502836641323,0.8640272963926166,-0.2772985414992928,0.908494781678985,-0.7515410010936792
13,13,7.3693048136442595e-06,27,0.012755499508884454,0.033993281166810406,1.4328385015989504e-05,1.7265055417638398e-10,1.167756108584604e-12,0.3610689039173045,0.19050946418161122,-0.549437912239834,0.12171951480530634,0.3440583620178005
14,14,2.4714542458449932e-05,501,1.1399427776312863,0.026675219606113555,1.2500255979796132e-06,5.424528021539832e-09,4.0652032569643034e-13,0.9185507580395337,0.9950096387568053,-0.3216654920695219,-0.3470729856650308,-0.5848801315358583
15,15,9.840252874931724e-06,235,0.9665513184465633,0.027469289194443247,1.247964771929974e-06,8.251045408705515e-09,1.899780886337355e-12,0.7656429764233549,0.8838342309648652,-0.13241952950195524,-0.4076278849021093,0.5652278269264641
16,16,9.848456060947153e-06,25,1.0481922305184568,0.026468839231019746,2.833591572255103e-06,1.4211300949791703e-08,4.7892875999276075e-12,0.532037820905262,0.20643036955415794,0.05253574101800325,-0.30867049807968533,0.43832303362104497
17,17,4.739315083330477e-06,21,0.26080569184935887,0.03242058466484876,1.1838545937366805e-05,5.202499196465962e-10,6.129248012044118e-13,0.7380782544584872,0.019057090852685296,-0.31160039407128226,-0.02904275364946496,0.06567252864969664
18,18,7.583562391955436e-06,27,0.26378550735440354,0.032628979905337446,1.2368530244749485e-05,1.5887873618916046e-10,7.001847847459849e-13,0.2233291290844599,0.3289902525297942,-0.7346007009166796,-0.5292910533590576,0.26681217140362684
19,19,9.859062787264721e-06,190,0.4051842946915226,0.02989603956789416,3.880570478915955e-07,1.8620292932864603e-08,9.8319423738033e-12,0.3851497128926401,0.35886576537158876,-0.40094900737812783,-0.7094544705510094,0.459934353644265
20,20,3.0952849062014786e-05,501,1.18869382324702,0.026081295394397755,3.444517675879983e-07,6.572068495894737e-09,3.451621948189001e-13,0.5372379235819641,0.6687831523805101,0.5237452055608751,-0.5964353319123525,-0.6768000839257842
21,21,1.633504677385064e-05,501,1.094979712476521,0.0265685226017789,3.9742405284943296e-07,8.903540273157943e-09,1.6113273942386296e-12,0.14716770876003724,0.45799858116831976,0.583446331662529,-0.4010807539451128,0.507497125841688
22,22,4.60445543656551e-05,501,1.2813568339534962,0.026434704575991307,3.074981148606568e-06,7.97170152973922e-10,3.1424976531745668e-12,0.898294692757474,0.22432828498422588,-0.22876753449042167,-0.21544758151171653,-0.30068224840885355
23,23,9.971760390261491e-06,87,0.9918770349848608,0.02709062065548483,3.653184294600681e-08,9.755802768065584e-09,2.4655737397136412e-12,0.14198361963479247,0.4236155331374189,0.3043575386880657,-0.9143794548649472,0.9018245855879179
24,24,5.364086362653798e-05,501,1.1331845307315105,0.026105765282365214,2.598858909939791e-07,5.261624207140486e-09,1.6818019764627977e-12,0.563937087378916,0.43444916598187466,0.8865700364261684,-0.12125989638505019,-0.3677798267446264
25,25,9.5188597040314e-06,64,0.9641042973037504,0.027436469525849057,6.162610384130548e-07,9.88744614638924e-09,2.911744636695392e-12,0.7209150351332717,0.47985958502017767,-0.054289430363644295,-0.415306972106083,0.05634098415612451
26,26,2.6097895546687227e-05,501,1.1613798456653417,0.026305983056056637,1.0000000000002598e-08,6.765098210507178e-09,1e-14,0.19426873616665502,0.2734651038054948,0.9329474996130542,-0.4592079866875936,-0.9746779037356984
27,27,2.7417287723373215e-05,501,1.1626571291538468,0.026280082212921444,1.027264753709935e-08,6.607330230188344e-09,1.2040850623850316e-13,0.3372306688231149,0.3658103156788648,0.42848653240099177,-0.3362186719280721,-0.6918947159129544
28,28,2.612118032354161e-05,501,1.1655786425066463,0.026297675387680113,1.1005087460383978e-08,6.764656397567034e-09,1.0000873513525925e-14,0.6194812521919272,0.9298758000373512,0.8893662629013961,-0.2728348087884126,-0.8075729821351253
29,29,1.8499041373318644e-05,501,0.9297647625694904,0.028300686659009897,5.0234953970395806e-06,2.102452733066396e-09,1.3198749303111497e-12,0.04780138020733436,0.22448888916904636,-0.3919129298451836,-0.32535205680086854,-0.0018864194175357563
30,30,1.6236934082164842e-05,501,0.9391262004764476,0.027778793484974706,2.7270727151963417e-06,5.236037390999862e-09,1.1323542584374542e-14,0.5182309218904324,0.009413554313471406,-0.9938938122676272,-0.2345623581155094,-0.42499294186942377
31,31,7.8801939220281e-06,307,0.9572536245860132,0.027271311022302076,8.03440501817528e-08,1.0395792258142326e-08,2.9137272191324145e-12,0.8009071408703909,0.7044026076896379,0.9995926877591668,-0.19282952974815584,0.1745560957055691
32,32,1.4300649539255422e-05,501,0.7684268196872163,0.02925234159004157,6.133474702907648e-06,2.5497402963529156e-09,6.159179334574065e-13,0.21597905200429052,0.48354687524139944,-0.2833755683943051,-0.8416260485444198,-0.7256934904496161
33,33,7.4245722640211295e-06,44,0.019214386955711312,0.034108585395969435,1.4879922844264012e-05,1.8539688845699381e-09,1.3790694573094277e-13,-0.6407464308968667,0.5590671521616807,-0.6497631030000567,0.19628155373571,-0.11479549959877469
34,34,1.2430437717107427e-05,501,0.7400637869172195,0.029512999472777378,7.605595972569861e-06,2.6060452355601838e-11,1.8997470504430955e-12,0.6056586457760418,0.32531685393341603,-0.4384485508959874,0.21845305830522455,-0.18644301923098333
35,35,1.3409790486518304e-05,501,1.0612470482081053,0.026719592761223106,5.038998148243804e-07,9.600433832290356e-09,2.148306125949365e-12,0.9497737123291057,0.9758621091356188,0.7698908399422398,-0.5027194476378871,0.19888004737024212
36,36,3.4095947394895856e-05,501,1.3099023405205474,0.025675955030095933,6.327370873392959e-07,6.682861430009708e-09,2.4231536849738026e-13,0.8010161145502623,0.09016833941627406,0.4449819261681966,-0.6204413688873295,-0.7497536707054699
37,37,5.366862049178716e-05,501,1.5732940610070936,0.023610006075553528,5.01845975914587e-06,9.531918866800019e-09,2.02496595617753e-14,0.29442295338043684,0.5326069186931223,0.031072034321085476,-0.6010670596981862,-0.9919112092676655
38,38,8.472404087981698e-06,30,0.9003592129780227,0.027594613899001242,3.0691061362075973e-07,1.035873373600114e-08,2.9423677736491123e-12,0.21369062132382594,0.6656488447197954,-0.400519166008074,-0.44836307528143055,0.09044771473141586
39,39,7.658552465312966e-06,321,0.9122903779259784,0.027463187455547378,6.997842332271121e-08,1.0697518687493338e-08,3.3075538420839673e-12,0.5512539037060933,0.05056856393780184,-0.5414020946386802,-0.3193733446936752,0.8545218667270141
40,40,1.247187393563455e-05,501,0.9579384032179916,0.027658548528988584,1.9941608683445373e-06,6.919340694918454e-09,1.0817443213176468e-12,0.9855582008192413,0.8939642762712073,-0.07787485253378737,-0.9107178356697875,0.07178507853127614
41,41,7.217582217661308e-05,501,1.5869643141913166,0.02426319697296082,1.2440557122059573e-06,3.946518497160469e-09,2.404808167460546e-12,0.8636880067504448,0.8276597608627735,0.732963455479071,-0.4650139653395036,-0.6568371274122426
42,42,1.5054362486090057e-05,501,1.515277763646993,0.022789644624368745,1.2166365009925503e-05,2.391926835203186e-08,8.257422785507249e-12,0.038423120020571355,0.9894071150827737,0.20936566615868918,-0.9948862530131122,0.22756149690511826
43,43,1.3976543804692887e-05,501,1.0599379171328118,0.026714222838655512,4.0916045974656744e-07,9.319808232035097e-09,1.9309482197953406e-12,0.398514102630558,0.8759426049425494,0.24296856046981263,-0.9089265700954502,0.6504521672646975
44,44,6.937435921683124e-05,501,1.3922527755137268,0.02573092860821544,2.0872420172530557e-06,9.57010730288757e-11,4.656903519170869e-12,0.73404038487798,0.8963384694472701,-0.47317788414276635,0.14311986103864074,-0.4160715906178849
45,45,4.733781355837349e-05,501,1.2693252440293779,0.02634068465534465,2.7974371748385673e-06,9.674444177054404e-10,3.2153522200888184e-12,0.5592292299415217,0.7420622090126919,-0.11170691705445004,-0.3237212608925363,-0.6965697069391986
46,46,9.284465617840782e-06,56,0.43528149902000707,0.03148767271305981,1.0842294905118265e-05,9.882614268933167e-11,8.183310801647918e-14,0.5559786857120277,0.2518425791538917,-0.42904261717815534,-0.2943131167384524,0.46165130174330293
47,47,1.5381803675014874e-05,501,1.0231698938225202,0.027392488852365105,2.0474674865611236e-06,6.21113850375146e-09,6.417745469148203e-13,0.23752162502392782,0.37205436591159746,-0.19338494563333752,-0.21865014192693166,0.08195818363866014
48,48,9.837188988296786e-06,257,0.9220333568041592,0.027335341068754408,2.066584031309845e-08,1.0270784572050736e-08,2.866280879224301e-12,0.47392426415919814,0.9871692202415909,0.9385099477734826,-0.6994270828203711,0.3455603030921151
49,49,9.19670798311599e-06,120,0.10512274898485875,0.034627077769695,1.5605155811806664e-05,1.591225906088835e-09,4.763543390358338e-13,-0.3703448998081429,0.42949493579743836,-0.8812288596229285,0.6382885092970019,0.07883413408308047
50,50,9.388576919230964e-06,207,0.9993174152623274,0.02710847670290799,7.754893526454188e-08,1.0005477962965744e-08,2.669013108182059e-12,0.39532020844267957,0.5032111854996684,0.6176956727516982,-0.6239282692005611,0.9640614676086274
51,51,5.9017453268859194e-06,47,0.5611339629085708,0.030046981219744147,6.382815719941933e-06,4.8523818145012085e-09,1.616661348782485e-12,0.5581069877188016,0.5305573395002754,-0.6739978477898859,-0.9372786833214084,0.996804574915141
52,52,0.00022722686130438146,501,2.3827654478849136,0.02013903278776775,5.2299365864053095e-06,7.273513357829931e-10,8.253597723762443e-12,0.44782512140621644,0.3565396190363212,0.20068509754645739,0.5038198265953648,-0.40667360369148464
53,53,9.724758439505253e-06,425,0.8094540388282331,0.02890346899125345,5.459118238548301e-06,3.3121049899942563e-09,1.2303969696285288e-13,0.4242300157310842,0.6737072614211999,-0.9825097185279515,-0.9469735227507007,-0.8822886690043036
54,54,9.186913568308822e-06,108,0.9828092967814368,0.027179705403032547,3.7186062939488856e-08,9.87117666372754e-09,2.5705931682734453e-12,0.1390083989557031,0.5386135145832566,-0.09412117734839909,-0.6229634299787321,0.18094391886720496
55,55,2.986384771179948e-05,501,1.244927506527351,0.02603406971370475,3.609763920497813e-08,6.238158922126303e-09,2.629157077819665e-13,0.18349661375408977,0.8755383990553443,-0.15151671552610246,-0.14344142461163276,-0.3625714188913126
56,56,9.995922104308564e-06,168,0.1040901160188936,0.03461109497428303,1.5508228862833586e-05,1.140939384490566e-09,8.507514411539529e-13,-0.6302450113473197,0.22527382676875551,-0.9992273650457042,0.14370510423433247,0.9577442872441442
57,57,4.862499231300671e-05,501,2.557485557494269,0.014556661604204539,3.340814003182711e-05,4.605170895134689e-08,1.640107988711379e-11,0.976384003916529,0.6737981507415145,0.17953725442427965,-0.17149805386493344,0.3782004756009046
58,58,0.0014722163007655125,501,5.7228290902366155,1.0000000000001902e-05,3.472767048029601e-05,1.0000000000004785e-11,2.0995743381932214e-11,0.6153842340213225,-0.9961032373381619,0.20661812312866684,0.9544941012604571,-0.5045085767091526
59,59,8.845827849094631e-05,501,1.5674527948062806,0.02443578187569831,1.854736917867944e-07,1.062454131245361e-11,5.303725218555746e-12,0.010358659211123888,0.911563870123435,-0.0940992494802042,0.44365712238356736,-0.6362960462730671
60,60,0.00025101646133783714,501,2.539065336915521,0.018667016248835988,8.500222612275329e-06,1.1599878899637202e-09,8.316220352901064e-12,0.7320909088050473,0.4047586496568527,0.16551328899062023,-0.7054421597833783,-0.2776971167479881
61,61,1.775184308056826e-05,501,0.28529819584334104,0.03030953545820878,5.230427559622172e-08,2.0189119549043343e-08,1.075820373797541e-11,0.9745266261178133,0.924594069250885,-0.1657435969730045,-0.9861394305348119,0.7811253979497454
62,62,9.394251967036228e-06,39,0.7988564276634156,0.028751977251970703,4.429802279145938e-06,5.232477088024611e-09,1.0556967559061976e-12,0.7174741536586687,0.9890411586055902,-0.42659834471280084,-0.6902150606067569,0.1456270958635479
63,63,5.1748942835193615e-06,46,0.4722312658871947,0.031252877683890755,1.0142380842855101e-05,1.5607719822566365e-10,5.471442204708123e-13,0.38068040522957075,0.2638262694492034,-0.19253287443211842,-0.20375435952191526,-0.060918163244479205
64,64,2.864477246295508e-05,501,1.1632966766002366,0.02624502157573046,6.319874468024301e-08,6.4067614385987686e-09,2.0935681867034326e-13,0.2426749511771477,0.9858340750519781,-0.8306273157959013,-0.051743275925346,-0.9237997159695979
65,65,0.0005031672842695338,501,2.9636696832387512,0.01536969747195472,1.4757064405212173e-05,8.832151195327837e-10,1.2626051395919043e-11,0.2791148065504808,0.07455019983165093,0.9325459184826266,-0.3965468863507331,-0.8468919409569172
66,66,5.309368371495973e-05,501,1.305226531734193,0.02617033369765401,2.8537497982914076e-06,2.348034303200015e-11,4.032291350920238e-12,0.9738218886453324,0.2998305007376608,-0.6916093572474304,0.9352687209133762,-0.7725440513610061
67,67,3.9497031349533475e-05,501,1.1574217092746244,0.027070821825399903,4.074367160027591e-06,2.278073430462919e-11,3.479781314993523e-12,0.8933468363990271,0.06746770162988658,-0.6574548987672364,-0.08758558619646259,-0.21805091200867388
68,68,9.228606635475523e-06,188,1.0029734403433357,0.02710691345763788,1.930358571433522e-08,9.972977909334108e-09,2.703847188281752e-12,0.7210165060476419,0.09232391848313883,0.4907973766205856,-0.44081417014592233,0.21082017515960594
69,69,3.378083916280151e-05,501,1.2145315892150939,0.02605571470441752,1.0056997966722949e-08,5.766114719495911e-09,8.682576906626874e-13,0.1606700190938999,0.634055144002343,0.9862826990087582,-0.30862975225329053,-0.5942283561719788
70,70,9.950920152810391e-06,416,1.005846746939192,0.02707472755741618,1.2616316141582841e-08,9.728551238731665e-09,2.4692344207114883e-12,0.9565682844557507,0.30558679821503054,0.39222602883130464,-0.38482809489162983,0.5939801768604952
71,71,9.8563659370377e-06,90,0.41817641080660267,0.02977828075716335,1.492538944687502e-08,1.9059437219509233e-08,9.982453772550711e-12,0.27500713738418275,0.3837972800294348,-0.6932014568798688,-0.0836778242286018,0.3047791462539425
72,72,0.0014797559362795265,501,5.676921256649568,3.1366916373783513e-05,3.510530937441255e-05,1.4647782554755517e-11,2.1316670873793898e-11,0.2637175039270029,-0.6907118394908334,0.004858942039965453,0.8147697681157173,-0.3721736695094706
73,73,8.027455266912102e-06,34,0.6362899647917991,0.02946344800077681,5.366643683685513e-06,4.896190266208686e-09,1.0421138719429603e-12,0.365131698211434,0.31757434780448723,-0.09537653993370163,-0.14870162092477313,0.7694956919178416
74,74,1.4251796828057316e-05,501,0.7979097462711106,0.02865745042466556,4.513424818325397e-06,3.955548386640788e-09,2.8975474884410533e-13,0.45646387453275866,0.7633322832273021,-0.2804204101343337,-0.577242405482698,-0.6100005651713107
75,75,7.462017186604811e-06,29,0.5669061583758966,0.02888906999408417,1.2923869700727638e-07,1.525549048819983e-08,6.63876080725338e-12,0.1652251600251404,0.7892255003558697,0.7702823608613193,-0.18210585665762902,0.3924469995100729
76,76,6.004212855980343e-06,30,0.3947215966193299,0.03158219123654977,1.027127085191144e-05,9.685993856591012e-10,2.6549782011218626e-13,0.702558767782157,0.4731030997482245,-0.7360620440171785,-0.11663373436878058,0.9571112296616858
77,77,2.6289116768724344e-05,501,1.0762621626068607,0.027443484011372185,3.908708403843689e-06,2.1892240463041426e-09,1.672214090307343e-12,0.9948341314290126,0.42476547505945594,-0.12381790682035954,-0.9993416173162201,-0.9814333331326702
78,78,9.05944765779814e-06,120,0.021712712423604175,0.03400781308101081,1.4500048523073704e-05,1.5645410063333313e-09,1.4701697123997968e-13,-0.9308958099936636,0.9508657696576917,-0.3229026202690477,0.07883179246357683,-0.4096558358516556
79,79,4.498302487527144e-05,501,1.3310308131785251,0.025831450866907944,1.199683001220556e-06,3.0105416601134108e-09,2.2525195221259205e-12,0.4732650269933216,0.5853811943113284,-0.12891836037642004,-0.7375850676068054,-0.7131046487950704
80,80,0.0008716168289314946,501,5.416805332179521,0.00010364534122933655,4.762116217999687e-05,3.1435512615184016e-08,1.533072230233584e-12,0.021612407889326654,-0.9325152513013292,0.6615573663898344,-0.5799460791908007,-0.9530187348610255
81,81,9.59868127402288e-06,383,0.9973170823191458,0.027088566009004642,1.0778408071244975e-08,9.913266544435299e-09,2.68190858784269e-12,0.8599132718157698,0.7245765167504732,0.8466087103994457,-0.9849537319458238,0.7010857030454601
82,82,7.217656054066587e-06,18,0.16594066184966016,0.032759543084708624,1.1877621841764999e-05,3.376768967719988e-10,1.5299606266389874e-13,0.6853473756071278,0.907536752495542,-0.6699415921272661,-0.4294101243755205,0.1291429858054386
83,83,3.480538540128805e-05,501,1.1047070063872608,0.027417032521172655,4.738542050574804e-06,1.2066027425706059e-11,3.0221158598815736e-12,0.34838758775263806,0.9845696092937736,-0.6195565585140241,0.27014531786800455,-0.7068258164743672
84,84,3.308759677531404e-05,501,1.2484517680353953,0.025915445677569326,1.1218374413757839e-08,5.879758410700199e-09,5.506507615340702e-13,0.8872619620928481,0.9864498466404593,0.05401688588006334,-0.30868822047710986,-0.673608345917585
85,85,9.785932840316355e-06,167,0.0101035342735724,0.03381700664147181,1.4004491706482907e-05,1.0948973701837421e-09,1.255860802995172e-14,-0.8692319125145859,0.1878093119938933,-0.10176396018673917,0.3019193824289377,-0.9388910552939473
86,86,2.4815025730933327e-05,501,0.010244032706377427,0.03262335093685735,6.151198362343576e-06,1.3782468428673221e-08,8.452591039068505e-12,-0.5053601290599969,0.8597819526196233,-0.30092524080482735,-0.9507777590372877,0.943648372944854
87,87,1.4902919168632069e-05,501,1.0355336436453675,0.0268442920794238,4.950371861043595e-08,9.089837326335872e-09,2.0221587234682255e-12,0.9446731191542579,0.6214805517586486,0.37870197582795545,-0.9462412085529424,0.5647604537749497
88,88,1.725000640248003e-05,501,1.0667359709335955,0.026718029048926017,1.0000101778490402e-08,8.253755591320523e-09,1.2468510705462874e-12,0.3727300397304338,0.1898071828186232,0.6810907246607925,-0.5216487829349513,0.0740054752433445
89,89,4.913168810186851e-06,29,0.015304006251862089,0.03457891621404392,1.746180162237919e-05,5.654784228947283e-09,1.8049571638977684e-12,-0.4971070815075711,0.363203435089112,-0.24878933408040738,0.7540036558279035,-0.7496646095861866
90,90,7.745749426502124e-06,40,0.030033467405174045,0.03420723680564649,1.541061453028178e-05,2.3302635871419874e-09,6.273215060008504e-14,-0.02105533436675522,0.06752930262305787,-0.4831932583012091,0.4287764092873251,-0.3904122662615438
91,91,9.631976988982867e-06,32,0.5565698618051568,0.029963500972775087,6.340266058089531e-06,3.79223849714843e-09,3.8028407319163616e-13,0.41119536095927095,0.6571049740276844,-0.3689386580133138,-0.35244837080161584,0.26162274473582614
92,92,9.85462254340922e-06,21,0.3696689881000791,0.031870552490163906,1.1500419240803428e-05,5.446268376939951e-11,1.9303918849703599e-13,0.10176273845574327,0.32246020537194675,-0.33621678570881836,0.613626795596659,0.8552289638708075
93,93,0.0004016644513941791,501,3.653848417855828,0.009147296587742477,3.3680218566181046e-05,2.7629137187733196e-08,1.6760609262326265e-12,0.11785243107001209,0.7083746389935813,0.8809559805939418,-0.1937475792119566,0.9732135890339727
94,94,8.6044738378861e-06,120,0.07569276609371296,0.034404883929926355,1.526163792012107e-05,1.460027019593755e-09,4.4008830379992503e-13,-0.2516853261180276,0.09726028864403252,-0.10323371013317573,0.14392006276855585,0.6609786860907894
95,95,6.597754060391671e-06,20,0.3099866028839912,0.032274482654676494,1.2164362072282977e-05,4.0938495434028746e-10,2.2162307288292728e-13,0.33362370210116693,0.7284476572008675,-0.04993605030006589,0.31900639207838916,0.04217752442829982
96,96,5.437003736547666e-06,28,0.1585076368460697,0.03280229383888791,1.1707816949914301e-05,1.4630890466464002e-09,1.1005298102298867e-12,0.9929334148755246,0.5957434150742097,-0.016062489413970246,-0.5677688679826756,0.3287401215461653
97,97,2.178322398227373e-05,501,0.9322008861368841,0.02842543074277027,6.148406081436358e-06,2.952642073740426e-11,2.47270175973058e-12,0.7758424444684393,0.24326962510314928,-0.32177236389594555,0.9522412725780387,-0.8172162990347068
98,98,1.3719335863796175e-05,501,1.0272355273935183,0.026962283167326583,1.9105367535483274e-07,8.694263515372058e-09,1.6622643169493903e-12,0.6889034123859941,0.35619927534945284,-0.07573532967276297,-0.6423985322346649,0.41210536124761354
99,99,9.278877487732837e-06,26,0.041702876551249324,0.03402948774235765,1.4128995833726847e-05,4.308084949427806e-10,6.994959854860008e-13,-0.5996422566845856,0.4996194564433248,-0.3743433344603844,0.4579355417110196,0.1880982277452948
100,100,9.495410144637265e-06,277,1.0095871475423095,0.027106878774324182,7.178547946462316e-08,1.0621046071953633e-08,3.3663817571304494e-12,0.4007839663866033,0.843421206985629,0.7724704487323729,-0.5390601616878432,0.04487363401729938
101,101,9.89582556997086e-06,242,1.0110393713024446,0.027054318860471098,2.57913297678188e-08,9.766592478184982e-09,2.5022142163107214e-12,0.6129888723824971,0.07201867036851281,0.9742372476405371,-0.4688245914255418,0.20494053709983467
102,102,0.0010229866364023072,501,5.617386703287056,0.0006157012024770179,4.5398757048246304e-05,2.5973075199228798e-08,4.286196853002112e-12,0.5385022599309229,-0.34798621033857946,0.9555411446949348,-0.27430866375007684,-0.12405404606947887
103,103,3.6711360309451553e-06,28,1.0156260021850139,0.026606485258492442,3.318029039409758e-06,1.6399401334987884e-08,6.4076014085211505e-12,0.1993271221207189,0.6519639687165047,0.24042965869334254,-0.44421733485264114,0.4045896279863317
104,104,0.0006074481824918744,501,2.945359716344522,0.017889088727285524,1.9218821063489232e-07,2.1525877942236692e-08,2.2377234052262076e-11,0.9935029286050823,0.8136110642708528,0.2022937241623052,0.9870357677808683,-0.5765363825176526
105,105,9.067534422225662e-06,283,0.9779857298366277,0.02717220971534575,2.0995330178444626e-08,1.007515710667566e-08,2.772547275250442e-12,0.6654127877162788,0.9518960266307923,-0.6536106095655936,-0.2609590569098838,0.038668969559199184
106,106,9.469795254171179e-06,28,0.6608369529611259,0.030100539664416316,8.107876467934814e-06,1.3378045499534062e-09,5.162385192159923e-13,0.44750323575895223,0.26686490953136616,-0.1575970580059184,-0.10606471472920043,-0.7379926748853869
107,107,1.268868371576566e-05,501,0.9907234948226777,0.027280008476159762,8.113754097529754e-07,9.169026949827513e-09,2.634816281444829e-12,0.9243331465696554,0.6992236182745573,-0.38063343997391375,-0.4447988977061744,0.3855354717543419
108,108,4.205591024697847e-05,501,1.3844768311823061,0.025242212559410445,8.839471126961441e-07,6.13117201990155e-09,6.288824003648316e-13,0.46005253395934836,0.5083992257302271,0.7251774124237214,-0.5454270055318782,-0.3894970114548262
109,109,2.770815264539459e-05,501,1.1651468767538862,0.026320819123926004,1.132988424756982e-08,6.694694669556422e-09,1.1887851918117562e-13,0.4081394043148483,0.17114134594763736,0.3506002912100102,-0.19959436138708953,-0.42593167951316163
110,110,1.462710837756059e-05,501,0.9721387151786781,0.027652474579850886,2.247931713782276e-06,7.274424692701128e-09,1.837733572614467e-12,0.8800859183613319,0.8772243767782572,-0.3937898694178297,-0.13464585073683238,0.45472888129065236
111,111,1.643674830531657e-05,501,1.1406459290021236,0.026415378160234624,9.293944086712412e-07,9.880027165026691e-09,2.186690714693635e-12,0.5439315761705119,0.47368486986280955,0.7179121652537406,-0.9408974409862143,0.771445496014648
112,112,0.0007623072022594739,501,5.2042870582832075,1.0019131927403535e-05,4.959553087644555e-05,3.500527674076157e-08,3.0386075443805533e-13,0.762118151954237,0.4708913259829883,0.9508050464484904,-0.9748386533435333,0.25285189576760003
113,113,9.630523102745832e-06,305,0.0446996631826314,0.03432789557327932,1.4923617723473712e-05,9.480215846696333e-10,6.595691414220979e-13,-0.5047718930736846,0.9701098902274199,-0.07147432894136807,0.5241615901672686,0.12526044473846615
114,114,8.415781474815618e-06,240,0.9415423766412901,0.027320292953836665,3.288362487292536e-08,1.1029425447731186e-08,3.659800797204594e-12,0.4176472924726204,0.4091534340882384,0.39949192934630096,-0.3962704747341177,0.8497407780819912
115,115,7.945893744888364e-06,31,0.010758393325305184,0.034279476632007734,1.6933406613169484e-05,6.236985613084315e-09,2.7010934717598747e-12,-0.2858177453796948,0.3620444790380773,-0.637906901007666,0.9440629362710142,-0.28781274397834933
116,116,3.500318571900485e-05,501,1.1134928882438002,0.02733202804696518,4.531782623240272e-06,1.0067413846525894e-11,3.2343219176818255e-12,0.6643848664809405,0.6666367284238441,-0.5310315347816799,0.9300031517124617,-0.6308571452456412
117,117,7.922162340549643e-06,28,0.9176128709077818,0.027375986129943665,8.140145945209495e-08,1.1027137154957272e-08,3.5236195543094095e-12,0.33738097696533237,0.5317698100247825,0.9894194218141644,-0.28053305737728546,0.5898958238587424
118,118,9.792438544492662e-06,35,0.0161645269311484,0.03425852945148007,1.58290450014279e-05,2.2258194452179468e-09,4.162420751574855e-13,0.5061831776291831,0.8827490425286312,-0.6799042853595252,0.059394344559906984,0.9467541045178096
119,119,8.221816341883838e-06,21,0.06863598740432783,0.03359762555761354,1.374577751678184e-05,1.0490063670196902e-10,1.191000415232993e-12,0.015491673864577615,0.39230353853515343,-0.5996810963698979,-0.045185455994583595,0.3192601344834486
120,120,9.424432200440328e-06,64,0.7576397007584037,0.029097668086027657,5.802210795482766e-06,2.91227204571961e-09,3.0514147614218435e-13,0.49395587594993157,0.23834535800208068,-0.03291980322091688,-0.16252197734316096,-0.2366536479211403
121,121,9.783371420435675e-06,76,0.012085458213524565,0.033727118179339606,1.2552701261125166e-05,2.8239833926556613e-09,2.7366318624476946e-12,-0.3596319636414112,0.11257002957727089,-0.656797088876394,-0.18367743162167383,0.3281602328140566
122,122,7.3648877857254105e-06,27,0.45837605768955003,0.03140439500621432,1.1469520371392452e-05,2.9046981424231306e-09,2.487006596465154e-12,0.13115672251904678,0.4430106922790602,-0.23259054056024447,0.1878636127550469,-0.1650405324784235
123,123,1.9943322956816775e-05,501,1.0451747629519326,0.02710246233991413,1.5336818520146501e-06,5.875658590893955e-09,1.083876729685737e-14,0.4375276605781772,0.9994871169616341,-0.6136656946254049,-0.5351123015198983,-0.9451781910649023
124,124,9.48187734884926e-06,40,0.5300260665982817,0.030522446419382433,8.779175990573365e-06,3.775320150042539e-10,1.0056131940458223e-12,0.5711301651975991,0.2096926035687251,-0.1671113928947184,-0.6376353834653175,-0.33255017909701134
125,125,8.950355990946866e-06,285,0.9180749387722018,0.02754844223516363,1.3344927484173823e-07,1.1965830798170973e-08,4.16135092737439e-12,0.18266017561653247,0.6142262330563223,0.034618701181333186,-0.11081344421301687,0.9406244198392543
126,126,9.90866632446483e-06,497,0.9994536075834631,0.02709918336728039,1.984357020462831e-08,9.840659985993868e-09,2.5700350710812e-12,0.8937625752156293,0.1685558210840551,-0.866953132745487,-0.1771968019264656,0.8464122421416634
127,127,9.836124380990102e-06,279,1.0077667849791672,0.027126889136072207,1.589078652499829e-07,9.747601308646859e-09,2.5905430833490673e-12,0.8913659645898935,0.25975349003981024,-0.6458003352376901,-0.2539478955217252,0.5915875549091101
128,128,9.814723409368644e-06,71,0.7057752583213431,0.029640901126099264,7.548046072936279e-06,6.850071185665701e-10,1.2815351411676343e-12,0.26606071671428977,0.5037713103651631,-0.9552282841567682,-0.5016851038921284,-0.05083732593786214
129,129,2.85068142683088e-05,501,1.2215774781172,0.02604188516921837,1.4887513700737084e-07,6.577600903578893e-09,9.705429427071086e-14,0.8203172352419558,0.20749376991310148,0.8804820715147261,-0.9076041898402365,-0.41275962566550806
130,130,9.64524909600479e-06,272,0.9948845564112613,0.02723043030918993,4.73779385157631e-08,1.0696242895702363e-08,3.233579304255123e-12,0.011268595101651568,0.49693653006953376,0.03466153174646815,-0.043058187125047054,0.50627219187145
131,131,1.752694671820802e-05,501,0.9975514943254361,0.02743518524855968,2.206927248053412e-06,5.4686535507389325e-09,1.0560333070930046e-14,0.9994490979091469,0.12702758379449916,-0.36916042734031435,-0.9601532814131635,-0.11903521039391105
132,132,0.0003894212910498376,501,2.6598219961403258,0.017324155728253847,9.891420747262872e-06,1.9510762811313343e-09,1.1608719001164625e-11,0.30843944267411183,0.35347513950149045,0.08175550945598176,0.22753204373237046,-0.2652700046111261
133,133,1.3449531960252826e-05,501,0.8755641928149156,0.02851925258389619,5.024999568676278e-06,2.896526825806621e-09,6.8043367850482e-13,0.5432436711168973,0.593016680125386,-0.32498078323221263,-0.18497686378218306,-0.236655488597115
134,134,2.677676527793353e-05,501,1.1978128977171358,0.02620172793046599,1.0001003132496805e-08,6.659207638910664e-09,2.1555105601905313e-14,0.9137715428802939,0.35186639502491124,0.9711952563209336,-0.7311396457622419,-0.71348496177839
135,135,9.213131142604412e-06,42,0.22473784875986252,0.03298535856273081,1.3370490886623899e-05,4.968168572923185e-10,7.128335250173219e-13,0.0596849563950478,0.9620510166195599,-0.37892314804146215,0.11929696574305412,0.8690978154619451
136,136,4.483527966791007e-05,501,1.2948386637287472,0.026281385851440128,2.4776106603811745e-06,1.8834639217552468e-09,2.5279375640112796e-12,0.8069791573977302,0.6798103159654287,-0.048141766583143855,-0.6670064380396662,-0.49741420093484895
137,137,1.5108492425564028e-05,501,0.6299541013694755,0.02944589400110536,5.340583848378904e-06,3.999695318284471e-09,1.003776167455592e-14,0.7191950371325659,0.7810266745454855,-0.37401789702358534,-0.44441992041771294,-0.9831983561917006
138,138,9.545673401955179e-06,105,1.009097134237009,0.027066447348651847,9.85663483111154e-08,1.0001410972448134e-08,2.6867231690699897e-12,0.006391502845217813,0.4680774345202657,0.2972611583686711,-0.9748132328248491,0.37720712660292155
139,139,9.735624684220117e-06,316,1.0135913865378967,0.027057747248856987,2.0822869286651287e-08,9.851375525752072e-09,2.587592410400691e-12,0.11057834615210724,0.709432128050776,0.9830381877876136,-0.532735198967399,0.5671623177428151
140,140,5.399406681709759e-05,501,1.5699920666863847,0.023344239785451477,7.487063551831965e-06,1.3807291003412005e-08,2.0363956788805886e-12,0.5884113584513565,0.5542031543436696,0.6401174570177348,-0.11331292779636148,0.3157345923037412
141,141,6.690301125678804e-06,25,0.09361163062355797,0.03358234078727187,1.4104217488289066e-05,8.666509310529451e-10,6.423756957575731e-13,0.1492159916931494,0.4375430497844229,-0.3635461228886064,0.4955868550884238,0.36034134254626493
142,142,8.090711606029631e-06,29,0.1337328152226385,0.0335353429077291,1.441859974237353e-05,1.3245944556181868e-09,4.957459928868382e-13,0.08289173628800407,0.44469551576010974,-0.21077012491584407,0.8875555743670386,0.6454342372463677
143,143,2.0985450050059865e-05,501,1.0339800984465572,0.02739819991967132,2.891262298741425e-06,3.9965402333832005e-09,7.828514470547167e-13,0.18162288947598487,0.7202016371727604,-0.9802498200255186,-0.08523747634217034,-0.8842715100896372
144,144,4.823104089439716e-05,501,1.2697501999638992,0.02652025332752348,3.4851506950329675e-06,1.6988518141060126e-11,3.6020226912926695e-12,0.956993933853061,0.6543409213797727,-0.17842682548544148,0.031666849556849286,-0.9572384740876231
145,145,9.50189286588938e-06,84,0.5876804068483912,0.030861747562258676,1.1066799605984272e-05,3.0537057382928115e-09,2.5841814078410635e-12,0.714921303246576,0.006092207519181325,-0.9502396772438038,0.6084347541558066,-0.6444835687282349
146,146,9.629115235986124e-06,139,0.8611835576066067,0.028195124026048547,3.007748154987752e-06,6.205487011619595e-09,9.5425972308892e-13,0.23168756547186026,0.4630365370116078,-0.08715558747346654,-0.0879273599677917,0.22585232232367777
147,147,7.62814485285053e-05,501,1.5800305542479562,0.024570033444555883,1.0560331423831505e-08,2.245817781429564e-09,3.1508338214036946e-12,0.296100224645975,0.41255042541316594,0.744742157845203,-0.6246409674026707,-0.9721622741175796
148,148,0.0002156201471410803,501,2.976792998128718,0.014276254127140054,2.3564271848136294e-05,2.1530258629551125e-08,1.1053394609880866e-12,0.91757884075447,0.3574291102608404,0.044475719712166205,-0.049037971496049194,0.028733834070512977
149,149,1.555066494588217e-05,501,0.9617269732920861,0.02771799317510717,2.9178200453838254e-06,4.989530370913169e-09,1.1096284043603605e-14,0.988710696553664,0.5884717463447176,-0.42222249067222084,-0.20851845702288216,-0.9873298666241805
150,150,2.7850531919185066e-05,501,1.0098477096790595,0.027990793751937675,5.630114926482307e-06,3.6054482162900596e-10,3.0177838642736076e-12,0.9125792751308316,0.7017471589055935,-0.5594763950043139,0.4184690413439896,-0.3694730704069797
151,151,9.406689523311121e-06,118,0.9759834071589337,0.027219742128831628,9.41586123264844e-08,9.815768286358525e-09,2.5493522497800188e-12,0.2879203727202494,0.7528901624445881,-0.5568596328559644,-0.8901719032112922,0.8072025188471791
152,152,0.0003197510901752029,501,2.369294116956981,0.020822867597296135,1.0832274469290286e-07,1.2285526361012186e-08,1.5545176927031676e-11,0.08206435541029786,0.9245793843856138,0.7024837325771706,0.6034642127974497,-0.4678188871595268
153,153,4.031438314586135e-05,501,1.0643691071442485,0.02733557786584645,4.1582505160649184e-06,1.1373684327806217e-11,3.641859150199589e-12,0.14969995505115619,0.725257641389349,-0.2372786512276363,0.9359252376795517,-0.3549344626248976
154,154,1.8242770030827285e-05,501,1.0235557541233706,0.027322153255281603,2.115867114683862e-06,5.440583297092111e-09,1.0256037423566526e-14,0.21028588470963305,0.9010720154290256,-0.917860661629971,-0.6929345792757905,-0.016458910049804154
155,155,5.688480942550725e-06,27,0.01648500531126855,0.03387994483708083,1.442099268839258e-05,1.1533247787437419e-09,3.665000981156748e-13,0.2489789057016596,0.08879817123438916,-0.5173264422122829,0.5084888177153775,0.5787275009788815
156,156,9.944716926812848e-06,219,1.0316803977933628,0.02690994754944741,4.1612956654476206e-07,1.0294085596717089e-08,2.7644389868492872e-12,0.7499795751175901,0.2708473514225281,0.8926738130704286,-0.3500069036071979,0.703175808012672
157,157,9.943725289910041e-06,215,0.9434302608422793,0.02750752634854638,1.1450508014018312e-06,8.32361516544307e-09,1.8335649679398565e-12,0.3237152487735141,0.5774242991716545,-0.9144689246655235,-0.24749710478489056,0.9868954258327332
158,158,9.905760666350953e-06,187,0.010068859448278714,0.03370531912513169,1.3393212486877483e-05,1.0005146834256922e-11,6.467040218788387e-13,-0.9985088965369547,0.9985154373586129,-0.8915300529101452,-0.9995999128121016,0.258985678687031
159,159,6.478016236597855e-06,26,0.011566847387636402,0.033810626592602165,1.391525022637966e-05,2.2063896892805418e-10,8.861142604095572e-13,0.22810365320188392,0.5878619243706675,-0.3410919043091674,0.04216158608978665,0.04931867105383314
160,160,9.909721101297765e-06,42,0.0375771369530262,0.03391366363689834,1.3000498494962856e-05,2.2421194522301273e-09,2.3846044161313684e-12,-0.3373411847483718,0.8852552552283562,-0.6978400519895623,-0.17142349083047617,0.04082491048160211
161,161,2.586378140045672e-05,501,1.1673856396346927,0.026285736960884487,1.0000395219212817e-08,6.770861969711008e-09,2.8772465391884626e-14,0.0698288322005598,0.5845554593421576,0.8036395470896622,-0.9239154735530072,0.32256518850240085
162,162,9.307739150833492e-06,26,0.28414891713015783,0.03229354169165358,1.1886485051914112e-05,4.404942076879689e-10,3.439895261877632e-13,0.07035227268239899,0.4158370716188732,-0.4449102677972612,0.7093105850453734,-0.12137446222209458
163,163,9.058185468175703e-05,501,1.5953787207638457,0.024310706962970104,1.5232067828142602e-08,3.6192070424283625e-11,5.381020842923321e-12,0.7629211650663944,0.4399276951863289,0.8002732085968114,-0.17421987378933815,-0.34231742528575043
164,164,1.3119254118542938e-05,501,0.9066732123028957,0.028065204558367998,3.5038395489798538e-06,4.727007750216123e-09,5.731263861246029e-14,0.905371082688195,0.719574610571212,-0.2628106760425122,-0.3019432955256114,0.2643336183308387
165,165,9.81184133223113e-06,215,0.9336950519787534,0.027806885850051314,2.168513525490789e-06,7.444663554341929e-09,1.6945394690648392e-12,0.332521570927422,0.5116392301064834,-0.2509777964241725,-0.08139313428679713,0.7824909793070114
166,166,9.73958995701078e-06,44,0.5504650998258924,0.031068659146263264,1.1750920538046063e-05,4.02610279489218e-09,3.0359448767052777e-12,0.5110690567708928,0.057970681588806736,-0.111097504162748,0.41444578011538585,-0.5694725044444997
167,167,3.717376107900139e-05,501,1.139218018983281,0.027288423185682916,4.694011770064205e-06,1.2726236487352657e-11,3.0431609263736726e-12,0.3314371070950562,0.6913754956538708,-0.6133846266047572,0.23877493091889826,-0.8854110154097415
168,168,3.559630363939382e-05,501,1.2552302701322167,0.025942816235264107,2.0457605566386133e-08,5.700885363131739e-09,8.975052163530539e-13,0.29573273724121785,0.8892731838106447,0.8933310925653757,-0.655078797035002,-0.7543935191842661
169,169,5.64391602626897e-05,501,1.3640075358397186,0.025827464159705316,2.195681949606222e-06,4.81617336732769e-10,3.858885610354839e-12,0.03414093778970641,0.4269580140374456,-0.3749371160993683,-0.927109052713926,-0.09155211642494415
170,170,8.230545908039015e-06,130,0.22248261062572688,0.03238163098825205,1.1469878491445663e-05,1.4661589345463184e-10,1.3811109427015285e-14,0.05061053624844393,0.3395841990631319,-0.7987553570068777,-0.10399339558577875,-0.922397475794165
171,171,1.0253097867862304e-05,501,1.0188856766917085,0.027047878149269622,1.2035152138032438e-08,9.676306597955938e-09,2.453223386564191e-12,0.10617417280099983,0.7002278882894456,-0.19796386301643926,-0.7721260954013653,0.15187210953972058
172,172,5.41726729626088e-06,33,0.33617670982909165,0.03225064377663253,1.2460551551170636e-05,1.3177506481839973e-09,5.317794380506933e-13,0.9572820320233179,0.3167633390608809,-0.09800249717699061,0.229058773394747,-0.01948716998117117
173,173,4.086403482755006e-05,501,0.7949330557765304,0.028775608863296033,5.828468132932503e-06,2.676458768384579e-11,3.2287155820652298e-12,0.47693691914854985,0.7531595619412861,-0.3666383305528322,0.964971855417123,-0.8399584577891569
174,174,9.391840823979089e-06,33,0.04803920641154262,0.03410829270142281,1.4669757607518597e-05,1.5123069249187973e-09,1.662979611799969e-14,-0.9072372244376543,0.34174562016761956,-0.47665357427058935,0.2650082719844823,0.637810386429328
175,175,8.91912214492102e-06,33,0.015293854621009373,0.03366030378356455,1.34040369059382e-05,1.649174483789505e-10,5.011160036604512e-13,0.026710517180377313,0.30932487526738783,-0.2868466590463894,0.5325745320167493,0.039921002627960375
176,176,9.614460145031866e-06,65,0.2963692367046047,0.031262240222475084,6.673798412245077e-06,7.214690126502482e-09,3.191033448378015e-12,0.5320550354029264,0.10444661185974606,-0.1108060283730759,-0.298480212172409,0.4348523998167229
177,177,3.935369560168442e-05,501,1.1249311365510593,0.027126007470682,4.056594008162055e-06,1.0991856144368733e-11,3.569965136138674e-12,0.9584175841380252,0.1076719989842711,-0.5040106579707697,0.3427113072366376,-0.28236374640658557
178,178,9.085461509622283e-06,43,0.5346728309663179,0.030890965527637777,9.734819695575813e-06,1.892470515906934e-11,7.015733282563139e-13,0.42387305802814657,0.8281342622789168,-0.05870299281302292,-0.9771431062538869,-0.39247680484103237
179,179,0.0002566917884773902,501,4.635715206735154,1.1800844672472297e-05,6.58256253129943e-05,7.362129977965965e-08,2.3820409117101683e-11,0.4526632786276275,-0.6443900352980426,0.10171088100404807,-0.8135437845954111,0.4628221224440439
180,180,9.147800046622085e-06,129,0.4550817332986983,0.029642274925123776,1.9962914413021154e-08,1.857375422684492e-08,9.543167319213134e-12,0.8931937166870841,0.766829429629292,-0.11634223091976972,-0.1518541668772266,0.544887762997982
181,181,3.1276151941695394e-05,501,1.030519548821353,0.027692355006363207,4.9343402507789e-06,3.763891612737226e-11,3.1436852771881322e-12,0.14159022643489827,0.48951680976439216,-0.47170573746103445,0.17968577100772812,-0.12752403162835574
182,182,9.994499918048018e-06,149,1.0225359537039047,0.02704186108430009,6.295653931940843e-08,1.0149032546465315e-08,2.930128957803612e-12,0.994420368765025,0.9821401015645851,0.6899845397629313,-0.2681620618094104,0.9861165667037782
183,183,9.657432331910383e-06,298,1.018403156026567,0.02709249337231321,5.360491583418826e-08,9.95414459871963e-09,2.7355728823256548e-12,0.9552875214485184,0.9263135177496643,-0.505651154137559,-0.1576924557307757,0.4979491572316425
184,184,9.040373700756967e-05,501,1.6051969371847528,0.0243054497079289,3.4612904832452754e-08,1.000003082069212e-11,5.36986120535449e-12,0.8604432936311077,0.3728648411896369,-0.6361222849935578,0.9468370239804823,-0.9058292544172849
185,185,9.850915381535737e-06,55,0.896127392522711,0.028149250552229443,3.272993306335443e-06,5.873013326748109e-09,9.426964616007198e-13,0.9519989727584645,0.3840595734879068,-0.1381796758275659,-0.3527079976442935,0.824276298310547
186,186,3.689819400608366e-05,501,1.3025619073684158,0.025699900923990864,1.0139323619424535e-07,5.562727927843552e-09,7.993649774892891e-13,0.8612173208539756,0.9979571371062281,0.15101494862570072,-0.7264904298453596,-0.043209946193292825
187,187,9.88496334579324e-06,148,1.0227698314021714,0.02702750574329889,1.9677379064957848e-08,9.899311541100049e-09,2.6899518109528654e-12,0.8676831934880709,0.7616697559958897,0.289499658245728,-0.3516042361792731,0.79131223860044
188,188,5.015991694736603e-06,26,0.45143552606365306,0.030286731207906818,4.079399327801402e-06,1.160165143284171e-08,5.982818852579959e-12,0.053589769908487545,0.5571399519118492,-0.08120642127450078,-0.981139848817732,0.1907474002327867
189,189,9.990977251908422e-06,399,0.7827882681267332,0.028806861274486756,4.871355830045838e-06,3.896652805768797e-09,1.7703172267779222e-14,0.20839437490081106,0.9230304893822407,-0.04338565919985311,-0.43496871470934884,-0.778170830762854
190,190,0.0005786485790611205,501,3.675918886462083,0.011406823267086206,2.0804394782880092e-05,3.916784434443785e-09,1.2098742649835451e-11,0.24138471436414088,0.32074871261870763,0.6248327911622936,-0.8307073529401958,-0.9909651572633524
191,191,1.85250375836332e-05,501,0.987972616533403,0.02791797659933729,4.106421473581581e-06,3.262448695483251e-09,7.51594765549146e-13,0.5481641359856707,0.9831106469782539,-0.5270692864288845,-0.14188844811518098,-0.15817173884792016
192,192,7.692091199519389e-06,67,0.1778058005563631,0.03271178062773675,1.1812150179306685e-05,3.3151697807599707e-10,1.0023816794005735e-13,0.8564826117288742,0.4328186887107858,-0.4231769277338988,-0.9539323036086447,0.20327323454790758
193,193,9.999647232596682e-06,414,1.006251919526977,0.027063676428661584,2.6567592840616424e-07,1.0511747514192112e-08,3.102071785256354e-12,0.5884741988122059,0.6294960565494532,0.6866267331988442,-0.6173549123341029,0.8360188375860883
194,194,8.352547053938772e-06,79,0.26867345258898917,0.03217658464329244,1.1570599543988892e-05,1.066022759354711e-11,1.3013307718437948e-13,0.18954627238049726,0.5631850105557197,-0.2288471661505735,0.13381947957089538,0.23548794892823213
195,195,9.876894562038362e-06,19,0.37305134527089173,0.03208188739682159,1.17786913516234e-05,1.0608862063656563e-11,2.2110669172144672e-13,0.2112933135705557,0.8431215785354228,-0.660638576686364,0.3779839203916316,0.6341636179838207
196,196,0.00034106916824666454,501,3.5443390857934935,0.01047512593060941,3.062569185766874e-05,2.456003472859666e-08,8.831628618258717e-14,0.6737696630808419,0.4005663022294752,0.35437819247006586,-0.14773813220290472,0.19296568085851662
197,197,9.845247245975283e-06,244,0.9949967749816178,0.02717529287313342,2.4015304068037784e-07,9.487995199777012e-09,2.3672909921147714e-12,0.44564592890545507,0.4692191820495246,-0.7310205565157473,-0.3960682285374276,0.9722010137908579
198,198,9.937240959459811e-06,70,1.0356465324928954,0.026877479150482487,4.870426201357154e-07,1.0360095206035324e-08,2.8116291995609256e-12,0.9693825846531674,0.14866274388973863,0.2875871179553776,-0.1198738259594739,0.8809510771401998
199,199,8.068633090963691e-06,37,0.411625749741396,0.0317905812845711,1.1417296029141168e-05,7.065378222322875e-11,1.9258167946189028e-13,0.5569258721065833,0.4540387399851714,-0.27603651265177054,0.09736665203264933,0.8888115085819592
