iteration,seed,algorithm,final_objective_value,n_iter_opt,x0,x1
0,0,PSO,5.397473014058322e-09,173,1.0000734244826244,1.000146602992814
1,1,PSO,9.799553154749415e-09,196,1.0000872533734275,1.00017919025776
2,2,PSO,6.888533733791484e-09,190,0.9999856410487179,0.9999794568704246
3,3,PSO,4.91247328656732e-09,170,1.0000650080845457,1.0001326403612305
4,4,PSO,2.2616962666515963e-09,203,0.9999939056348259,0.9999925278256151
5,5,PSO,7.605031499335979e-09,142,1.0000831981696063,1.000163789650478
6,6,PSO,4.498966459625008e-09,151,1.0000609729920515,1.0001191545976964
7,7,PSO,7.3697323679315476e-09,195,0.9999361568184563,0.9998665785661174
8,8,PSO,7.382842155012836e-10,163,1.000003560011198,1.0000044263191683
9,9,PSO,8.500773605143857e-09,197,1.0000791755551637,1.0001536329690062
10,10,PSO,5.17737328889426e-09,182,0.9999343578787881,0.9998716670737797
11,11,PSO,9.104390889172337e-09,180,1.0000726468930823,1.000151485193232
12,12,PSO,7.34532717812966e-09,197,0.9999317029571503,0.9998685882627438
13,13,PSO,3.758506309763279e-09,199,1.0000542265547159,1.0001055960026202
14,14,PSO,5.412140559868888e-09,234,0.9999625721435925,0.9999314791674244
15,15,PSO,4.227711907313609e-09,171,1.000059615346608,1.0001218298634253
16,16,PSO,6.381555499757878e-09,173,1.0000012461800476,1.0000104798534541
17,17,PSO,7.325536836423965e-09,198,0.9999610252013894,0.9999144318811907
18,18,PSO,1.9739650571706943e-09,164,1.0000432977296545,1.0000875936856668
19,19,PSO,7.161376546383695e-09,193,0.999930396490304,0.9998559845851999
20,20,PSO,6.672899854654443e-09,171,1.0000535117091225,1.0001131983128897
21,21,PSO,4.325391823231488e-09,137,1.0000611629670348,1.0001247472838934
22,22,PSO,1.0530320082407494e-10,219,1.0000102492227336,1.0000205492095882
23,23,PSO,4.644286313846016e-09,154,1.0000679154353427,1.0001363992203296
24,24,PSO,7.750649923190282e-09,127,0.9999575599072638,0.9999074083229733
25,25,PSO,9.871204392673931e-09,183,0.9999009385202088,0.999801125095009
26,26,PSO,4.34200239197455e-09,164,1.0000207989490313,1.0000353458062796
27,27,PSO,8.395825804576437e-09,184,0.9999103292869063,0.999818782499425
28,28,PSO,8.62374268050799e-09,157,0.9999138996654072,0.9998243275558671
29,29,PSO,4.4426916650053316e-09,184,0.9999918552322188,0.9999903259328207
30,30,PSO,3.70338460623612e-09,208,1.0000189108244932,1.0000320377475147
31,31,PSO,8.578308777695897e-09,187,1.0000491895847217,1.0001062293234657
32,32,PSO,6.896667954279011e-09,189,0.9999171192349552,0.9998347692354941
33,33,PSO,4.269445935782197e-10,108,0.9999993384639493,0.9999966117238339
34,34,PSO,2.4136122974968096e-10,145,1.0000034836927172,1.0000054533793579
35,35,PSO,7.11030317156584e-09,195,1.0000146419104117,1.000020979869007
36,36,PSO,8.926533338961851e-09,152,1.0000861653034159,1.0001684623715716
37,37,PSO,3.703499396195546e-09,143,1.0000608468802261,1.0001218050064116
38,38,PSO,8.887957717485503e-09,186,0.9999212983235588,0.9998374124616607
39,39,PSO,5.327772100225545e-09,173,1.0000613225171557,1.0001266077352646
40,40,PSO,9.199461946265772e-09,187,1.0000566959835382,1.0001056588856292
41,41,PSO,3.0844918849606117e-10,175,1.0000124800304007,1.0000237245061103
42,42,PSO,4.800075537150945e-09,174,1.000067400313211,1.0001364091434017
43,43,PSO,8.859090903470672e-11,161,0.9999907061462954,0.9999812635437437
44,44,PSO,9.7447650949379e-09,220,0.9999021170850183,0.9998029642978996
45,45,PSO,6.8821891033936515e-09,152,0.9999694611687774,0.9999312099253163
46,46,PSO,9.25568795596547e-09,173,0.9999295170774009,0.9998524909583381
47,47,PSO,9.131892203283818e-09,188,1.0000810685800159,1.0001672031565578
48,48,PSO,2.3272205117740573e-09,247,1.000047345043415,1.000095617895106
49,49,PSO,2.801132802816548e-09,225,0.9999886830499207,0.9999721960640453
50,50,PSO,2.885170843020927e-09,191,0.9999938868146209,0.9999931101446718
51,51,PSO,4.9071050889023465e-09,171,1.000068419867607,1.0001353416630012
52,52,PSO,3.5129531958050146e-10,182,0.999991754318215,0.9999818255405805
53,53,PSO,1.1081361517730761e-11,180,1.0000029130078218,1.00000566491091
54,54,PSO,9.50930164811957e-09,175,1.000095410347081,1.000192845156614
55,55,PSO,3.490834216390243e-09,179,1.0000584219422888,1.0001159657599785
56,56,PSO,2.0989457461664595e-09,172,1.0000299619165234,1.000056458855254
57,57,PSO,3.826761882233758e-09,148,1.0000571552330277,1.0001119472137718
58,58,PSO,4.1669703832689675e-09,144,1.000007165663751,1.0000079160661937
59,59,PSO,3.191385639616155e-09,150,1.0000149776912992,1.0000354026744003
60,60,PSO,8.220663261589886e-09,187,1.0000884121293105,1.0001788419475912
61,61,PSO,9.96454886159202e-09,162,1.0000156938631397,1.0000215298533235
62,62,PSO,7.769510643678474e-09,251,1.000087933364435,1.000176484658351
63,63,PSO,8.973556874722983e-09,207,0.9999362457560574,0.9998654891844557
64,64,PSO,8.879694242932357e-09,203,0.9999884014889613,0.999967451551731
65,65,PSO,8.332524275275229e-09,176,0.9999135487186367,0.9998300352698227
66,66,PSO,3.890536209573727e-09,209,0.999939470668823,0.9998774392249791
67,67,PSO,9.60130179265876e-09,167,1.0000676989032982,1.0001283184923042
68,68,PSO,5.229025408080969e-09,199,0.9999349328228598,0.9998667150611311
69,69,PSO,4.739345202300945e-09,164,1.0000622881350136,1.0001275119299107
70,70,PSO,5.509874162820582e-09,150,1.000070729238156,1.0001437156979158
71,71,PSO,8.547756193362438e-09,237,1.0000917440012895,1.0001846400734253
72,72,PSO,6.944019539470021e-11,199,0.9999939700019145,0.999988515186419
73,73,PSO,4.521554233394036e-09,240,1.0000664944467679,1.0001339935289364
74,74,PSO,5.965901845763127e-09,137,1.000076646219514,1.0001542536088086
75,75,PSO,2.1864924880363614e-09,175,1.0000463385179377,1.0000920528106934
76,76,PSO,5.46973735067908e-09,146,0.999994052485317,0.9999807331918342
77,77,PSO,3.2535479237315747e-09,207,0.9999654513141178,0.9999263651698145
78,78,PSO,4.888508194586277e-09,204,1.0000062448928027,1.0000194536665812
79,79,PSO,5.697214333562509e-09,198,1.0000726580402624,1.0001473659220619
80,80,PSO,3.61373388509049e-09,194,1.0000592325158277,1.0001194944200311
81,81,PSO,4.530539522686139e-09,125,1.0000546527769365,1.0001132374254955
82,82,PSO,8.042966214551294e-09,189,0.9999224876739123,0.9998494922378494
83,83,PSO,7.587922298425887e-09,154,1.0000713707189341,1.0001477406709904
84,84,PSO,2.310233742744749e-09,205,0.9999745694081629,0.9999450608373635
85,85,PSO,2.6098763065487593e-09,173,0.999962273203082,0.9999211031740485
86,86,PSO,9.111591447129755e-09,184,0.9999045557787746,0.9998092618082766
87,87,PSO,7.801076118074787e-09,195,0.9999659423175534,0.9999237364696713
88,88,PSO,1.7837517269535505e-09,177,1.0000421215017614,1.000084553497946
89,89,PSO,3.7222667979687017e-09,140,1.0000491566646494,1.000101929454462
90,90,PSO,7.2730977969894346e-09,220,1.0000852335017438,1.0001707631969048
91,91,PSO,5.983974721185918e-09,206,0.9999228920252797,0.99984517084391
92,92,PSO,8.564748739045349e-09,190,1.0000901833356122,1.0001824525788297
93,93,PSO,8.001552714028579e-09,176,1.0000094211839283,1.0000277378453126
94,94,PSO,2.765334869977953e-09,189,1.000052384354063,1.0001043108621968
95,95,PSO,8.088922716201654e-10,176,1.000014071913144,1.0000256724387184
96,96,PSO,1.796795649294313e-09,160,0.9999680867844868,0.9999389644661427
97,97,PSO,3.6578853739255117e-09,210,1.0000314087508408,1.00006798702352
98,98,PSO,1.7092639903713831e-09,193,1.0000366360828878,1.0000713576232714
99,99,PSO,6.4589107035928315e-09,149,0.9999915549657276,0.9999751177614737
100,100,PSO,6.1333873724058e-09,149,0.9999287756748074,0.9998542999169179
101,101,PSO,8.506597517922182e-09,175,0.9999998135924338,1.0000088502878348
102,102,PSO,7.900149407657096e-09,211,1.0000787089743397,1.000153294922589
103,103,PSO,9.284773956750803e-09,172,1.0000940842188235,1.0001902579954374
104,104,PSO,6.508947168642949e-09,168,0.9999199374802242,0.9998408760568172
105,105,PSO,4.9492042934209784e-09,176,1.0000586099264528,1.000113332168891
106,106,PSO,9.384762893664645e-10,163,1.0000300011848844,1.0000593835505898
107,107,PSO,3.238220479665463e-09,213,1.0000351108094334,1.000065744624821
108,108,PSO,2.67935464050613e-09,199,1.000051160499723,1.0001015364833816
109,109,PSO,8.1062175307092e-09,189,1.0000897603441437,1.000178826618794
110,110,PSO,8.3152726817639e-09,220,1.0000845076084877,1.0001724483427339
111,111,PSO,4.954743700893463e-09,213,0.9999316873012931,0.9998650766757512
112,112,PSO,5.821043821771657e-09,217,1.0000723410330914,1.0001471117967846
113,113,PSO,4.447744577495672e-09,222,1.0000635561326054,1.000125095506271
114,114,PSO,7.33910606964732e-09,193,1.000074076241038,1.000143854695515
115,115,PSO,6.426767941607555e-09,205,1.000026354283829,1.0000602804045675
116,116,PSO,1.462641523921219e-09,154,0.9999691348654913,0.9999360123989014
117,117,PSO,7.0750186977568035e-09,214,0.9999193639572211,0.9998411278394821
118,118,PSO,3.5011340222817893e-09,213,1.0000445938512166,1.0000930788072115
119,119,PSO,7.53533791276512e-09,171,1.0000096721307605,1.0000107177753321
120,120,PSO,5.125002099529477e-09,168,0.9999448540134419,0.9998942760677074
121,121,PSO,8.316795586193314e-09,207,0.9999124733659146,0.9998275154158018
122,122,PSO,7.391853135332056e-09,204,0.9999488186616989,0.9999045481436662
123,123,PSO,5.888289111145996e-09,193,1.0000610626634745,1.0001267762485577
124,124,PSO,7.95769186224622e-09,161,1.0000869248626358,1.0001758616766683
125,125,PSO,3.776413323043494e-09,208,0.9999596436831846,0.9999239234108397
126,126,PSO,3.6468929370695045e-09,240,1.0000512306015068,1.0000992664561579
127,127,PSO,5.9544580655113714e-09,147,1.0000640080347838,1.0001323299572507
128,128,PSO,9.295449768912055e-09,138,1.0000934294788073,1.0001844878079904
129,129,PSO,1.150693268697107e-09,190,0.9999665155836707,0.9999324892679974
130,130,PSO,9.965143917331173e-10,178,0.9999694077307762,0.9999395950337825
131,131,PSO,3.608608920541964e-09,207,0.9999647275457694,0.9999343189099958
132,132,PSO,5.5893804838457335e-09,233,0.9999252787851727,0.9998508105508279
133,133,PSO,5.936562241656567e-09,223,1.000038037290088,1.0000827765693812
134,134,PSO,6.94394379592098e-09,209,0.9999186168405375,0.9998354494241977
135,135,PSO,2.9956598337564495e-09,195,0.9999453286210672,0.9998909190777542
136,136,PSO,1.3112394901681883e-09,146,0.9999954711843277,0.9999873497170142
137,137,PSO,3.0450605526102888e-09,232,0.9999596920330529,0.9999156169664475
138,138,PSO,7.383935506726953e-09,208,1.0000554224533387,1.0001042811776033
139,139,PSO,6.12635275007637e-09,200,0.999973972815555,0.999940564616022
140,140,PSO,8.664564134083428e-09,168,1.0000063421296492,1.0000219710328142
141,141,PSO,1.5578880468483164e-09,206,1.0000096214377412,1.00002307091265
142,142,PSO,1.2268653767760371e-09,194,0.9999821306324468,0.9999672741430538
143,143,PSO,7.0793952721471996e-09,159,0.9999507891497079,0.999894755995865
144,144,PSO,5.1874338558940495e-09,185,1.0000702316698717,1.0001388715681165
145,145,PSO,9.692440990329038e-09,169,1.0000831283672744,1.0001609890685457
146,146,PSO,4.0655427957648705e-09,237,0.9999448166479584,0.9998928306179594
147,147,PSO,2.516042948298686e-09,168,0.9999632188330985,0.9999298495742988
148,148,PSO,6.314168746765364e-09,176,1.0000414863104914,1.0000761971341254
149,149,PSO,5.878518692378654e-09,164,1.0000766365564573,1.000153047536152
150,150,PSO,6.632793171085493e-09,196,1.000060843922293,1.000116277850705
151,151,PSO,2.4645728785518565e-09,261,0.9999705379807855,0.9999370811290142
152,152,PSO,7.056501039013902e-09,192,0.9999900083922519,0.999988357549066
153,153,PSO,5.199089652654907e-09,200,0.9999466086852625,0.999888374132876
154,154,PSO,3.853023059836974e-09,198,0.9999617780979628,0.9999284485762464
155,155,PSO,8.792769840265689e-09,144,0.9999661696786042,0.9999235950576311
156,156,PSO,4.152224370869085e-09,192,0.9999558360761165,0.9999163664072341
157,157,PSO,8.824297811060698e-09,146,0.9999078935407241,0.999813949764488
158,158,PSO,5.754943928854675e-09,230,1.0000737757312055,1.000149323499207
159,159,PSO,7.294602168828156e-09,175,1.0000803366740623,1.000163579148531
160,160,PSO,9.69678313707342e-09,163,1.0000226054099748,1.0000547955777044
161,161,PSO,1.0322324649555076e-09,174,0.9999726608334292,0.999947010023355
162,162,PSO,6.942030021579084e-09,188,1.0000685373966505,1.0001323417113626
163,163,PSO,1.6547867668937154e-09,182,1.00003672505277,1.000071702005025
164,164,PSO,9.163796530843368e-09,190,1.0000957120472274,1.0001912600343976
165,165,PSO,5.673970140966909e-09,225,1.0000173800425531,1.000027431059603
166,166,PSO,9.036222156231316e-09,155,1.0000824470625345,1.0001696324171032
167,167,PSO,9.112116637111e-09,125,1.00007101482325,1.000148413570005
168,168,PSO,3.025228460155937e-09,184,0.9999701580672171,0.9999449372928332
169,169,PSO,9.317547765409908e-09,166,0.999968058400667,0.9999452267633592
170,170,PSO,8.492985247536122e-09,197,0.9999121562396415,0.9998215336943941
171,171,PSO,3.1051401615155977e-09,154,0.9999745099777058,0.9999539758033577
172,172,PSO,6.28339264536057e-09,204,0.9999264126334365,0.9998498840022698
173,173,PSO,8.843036216494875e-09,189,0.9999973101219137,1.0000040201450902
174,174,PSO,6.226309756680915e-09,149,1.0000184653672857,1.0000446026724854
175,175,PSO,8.93851655751463e-09,196,1.0000762372483545,1.000158071729506
176,176,PSO,2.3407332526747582e-09,173,0.9999763847016133,0.9999569925796874
177,177,PSO,9.813529070937191e-09,144,1.0000525315989064,1.0000966671716436
178,178,PSO,7.158569414940988e-09,187,1.0000133916319227,1.000018429262426
179,179,PSO,5.1123671632419276e-09,201,1.0000299026101411,1.0000533113465002
180,180,PSO,6.421103544191801e-09,187,0.9999210902960343,0.9998407926804945
181,181,PSO,7.0054874356610685e-09,171,0.9999706675931559,0.9999491751138303
182,182,PSO,7.916636614082426e-10,229,1.000021968453931,1.0000456953742445
183,183,PSO,9.704124365152402e-09,207,1.000098483452052,1.0001972031872302
184,184,PSO,7.0573623991036295e-09,194,1.0000826416311381,1.0001667991419543
185,185,PSO,6.86851602003538e-09,159,0.9999172373067797,0.9998349156593878
186,186,PSO,3.997427514066965e-09,143,1.0000626525800804,1.0001261580950669
187,187,PSO,1.3175478812647736e-09,170,0.9999702282789898,0.9999425339618749
188,188,PSO,1.2660032714224939e-09,159,1.0000025705367184,1.0000086898764775
189,189,PSO,7.47422795828433e-10,175,1.000010863663826,1.000019218653922
190,190,PSO,8.564729414853274e-09,125,1.0000361019238448,1.0000807265244664
191,191,PSO,2.503310420846238e-09,197,0.9999502165927372,0.9998999364366377
192,192,PSO,5.158807283637148e-09,220,1.0000559983055508,1.0001164975208714
193,193,PSO,5.066986225402014e-09,206,0.9999302368878403,0.9998618931898753
194,194,PSO,5.980318125313403e-09,203,0.9999357940919201,0.9998759026652645
195,195,PSO,1.4628647922662595e-09,208,0.99998175125813,0.9999668641707615
196,196,PSO,3.4345949915993574e-09,150,1.0000557343142389,1.0001132835880084
197,197,PSO,6.162800368362004e-09,189,0.9999314283323371,0.9998590394212192
198,198,PSO,2.897596769720984e-09,156,0.9999847374020727,0.9999643130124176
199,199,PSO,5.693294818007438e-09,215,0.9999355849613787,0.9998672446985455
200,200,PSO,7.641896664409562e-09,198,0.999945882812733,0.9998986338485264
201,201,PSO,4.073229288125707e-09,173,0.9999935376504524,0.9999934247263584
202,202,PSO,8.985235553263931e-09,236,0.9999123280356902,0.9998210597846304
203,203,PSO,4.638570112814836e-09,127,1.000067407957472,1.0001338471274752
204,204,PSO,7.831552886855094e-09,181,0.9999862439973333,0.9999637461444997
205,205,PSO,3.778501581648885e-09,227,1.0000014257717704,0.9999967062475691
206,206,PSO,4.078206395731329e-09,197,1.000033878370389,1.0000731712630846
207,207,PSO,5.2139464372372896e-09,165,0.9999292217078597,0.9998570188106564
208,208,PSO,6.938225135269382e-09,196,0.999979973355052,0.9999680323808798
209,209,PSO,9.867767920286436e-09,125,0.999949186710525,0.9998898403264223
210,210,PSO,7.068402664287502e-09,226,1.0000298990361234,1.000051941199148
211,211,PSO,8.252255572536702e-09,205,0.9999372256614699,0.9998810215699733
212,212,PSO,7.569249109459138e-09,144,1.0000123743069373,1.000033360460001
213,213,PSO,5.7969241600667884e-09,180,1.000035387720655,1.000064035303991
214,214,PSO,6.8189964749209826e-09,169,1.0000551044739572,1.0001040617865142
215,215,PSO,1.1917663948332382e-09,170,0.9999687847344143,0.9999360960837359
216,216,PSO,8.082080328453584e-09,164,1.0000571953558286,1.0001074580103593
217,217,PSO,5.658060051844486e-09,132,0.9999249483465414,0.9998504054099715
218,218,PSO,3.6868381961406953e-09,189,1.0000561246888924,1.0001099355092224
219,219,PSO,8.290957525332154e-09,192,1.000088229933906,1.0001742172383974
220,220,PSO,5.511140779116728e-09,176,1.0000379280584075,1.0000822392503974
221,221,PSO,1.8603844589929235e-09,182,1.0000430680674324,1.0000859029147005
222,222,PSO,7.782277375869243e-09,216,0.9999117916426554,0.9998237160888407
223,223,PSO,5.6137923877383195e-09,173,1.0000571677742005,1.0001191819952437
224,224,PSO,9.796028852759002e-09,173,1.0000142499785154,1.0000187057908096
225,225,PSO,9.864006935898445e-09,175,1.0000328781151768,1.0000563855257534
226,226,PSO,2.123338425408237e-10,198,1.0000022580876877,1.0000059557459733
227,227,PSO,7.784544176068525e-09,169,0.9999663849112876,0.9999246133977768
228,228,PSO,5.827949111665412e-09,148,0.9999377541093697,0.9998710923668154
229,229,PSO,5.050941429169805e-09,244,1.0000710498022027,1.0001419353292351
230,230,PSO,3.5569214238742396e-09,148,1.0000559994812344,1.0001140538769693
231,231,PSO,9.119792466235194e-09,202,0.9999648079621428,0.9999207394868657
232,232,PSO,7.210700305082824e-09,176,1.0000849152986613,1.0001698074174141
233,233,PSO,4.1935545112993025e-09,182,1.0000293382614336,1.0000529043246824
234,234,PSO,9.45085359129638e-10,218,0.9999997739380504,0.9999964737352066
235,235,PSO,9.439642858731085e-09,170,0.9999109665086168,0.9998180516251416
236,236,PSO,1.6118102816442643e-09,175,1.0000367996550392,1.0000752056430176
237,237,PSO,5.555440536791986e-09,137,0.9999954986980484,0.999998437294595
238,238,PSO,7.211339684101054e-09,184,0.9999981876277525,0.9999878852322933
239,239,PSO,3.845269740331358e-09,143,1.0000588926094722,1.0001197301565468
240,240,PSO,2.812638502899413e-09,133,0.9999967500034685,0.9999882065535812
241,241,PSO,3.939144729117499e-09,198,1.000035430330159,1.0000760424913029
242,242,PSO,9.105592339053486e-09,226,0.9999256086659214,0.9998571990869208
243,243,PSO,1.939788019518411e-09,185,1.00001561044815,1.0000353395157922
244,244,PSO,9.172012469912483e-09,166,0.9999063984627745,0.9998107789537138
245,245,PSO,2.266494150255166e-09,195,1.0000374748503191,1.0000778873096001
246,246,PSO,6.808174460844888e-09,137,1.0000346007463543,1.0000617120538908
247,247,PSO,2.107811699532668e-09,206,0.9999693862065757,0.9999353519363912
248,248,PSO,5.844016696174315e-09,206,1.0000751486078432,1.0001489003529804
249,249,PSO,5.164342827303944e-10,206,0.9999941746316873,0.9999905458841317
250,250,PSO,5.775400470120574e-09,164,1.0000628431241043,1.0001214168589325
251,251,PSO,6.270558734671982e-09,205,0.9999220356170023,0.9998426912615181
252,252,PSO,3.2123329430337574e-09,185,0.9999597491158644,0.9999155096146899
253,253,PSO,6.298786427700077e-09,157,0.9999677329327596,0.9999282159599865
254,254,PSO,4.982054217995335e-09,177,0.9999294672899603,0.9998592077157888
255,255,PSO,8.56548583260471e-09,226,1.0000888108247488,1.0001802336168129
256,256,PSO,2.4815098513618764e-09,241,1.0000463333667595,1.000090839320309
257,257,PSO,9.317497185700237e-09,169,0.9999422083924087,0.9998766886130125
258,258,PSO,9.891904297783587e-09,197,0.9999032036846056,0.9998087022969276
259,259,PSO,4.8811262598426566e-09,181,0.9999673515472349,0.9999285274259856
260,260,PSO,2.4060306476092156e-09,153,0.9999774197103752,0.9999504854373451
261,261,PSO,9.106737153588018e-09,142,0.9999161132876272,0.9998276841544201
262,262,PSO,5.037612007262925e-09,190,0.9999326830194376,0.9998631210457564
263,263,PSO,2.3445136270286387e-09,174,1.0000024867013886,1.0000001377808287
264,264,PSO,1.320840709945647e-10,217,0.9999888176315608,0.9999773700825492
265,265,PSO,4.395821317938975e-09,156,0.999986713504921,0.9999799227928622
266,266,PSO,8.684718272474352e-09,199,0.9999189967759081,0.9998333922982824
267,267,PSO,8.692313186062154e-09,171,1.000042881142769,1.0000940427237175
268,268,PSO,4.2601115686182834e-10,168,1.0000200011483946,1.0000405122576241
269,269,PSO,1.8434773101683887e-09,157,1.000034861033726,1.0000672169195661
270,270,PSO,8.698080096589346e-09,199,0.9999211147385823,0.9998472108338438
271,271,PSO,5.740271509008613e-09,224,1.0000417339795562,1.0000771462947462
272,272,PSO,2.262466540661467e-09,167,0.9999524643449561,0.9999047627817711
273,273,PSO,5.664041139500835e-10,170,0.9999786341022618,0.9999562203169606
274,274,PSO,9.342461335370427e-09,137,0.9999373402560611,0.999867324942578
275,275,PSO,9.64778917829633e-09,192,1.0000656217497306,1.0001239391976404
276,276,PSO,7.796346835157316e-09,165,1.0000457601012522,1.0000839708992904
277,277,PSO,7.560988956274433e-09,204,0.9999133894979215,0.9998260144228346
278,278,PSO,7.833020700317427e-10,209,1.0000266398620643,1.0000524224138856
279,279,PSO,1.3146689516496108e-09,191,1.0000264167847628,1.000050350676354
280,280,PSO,2.443856888841832e-09,148,1.0000490529602852,1.000098722036598
281,281,PSO,5.041394192309908e-09,210,0.9999303759895546,0.9998593643778273
282,282,PSO,6.598988032658763e-09,177,0.9999256493089923,0.9998480315892428
283,283,PSO,5.957943118718168e-09,122,0.9999907597777321,0.9999891829047792
284,284,PSO,7.145250842802028e-09,200,0.9999164992885101,0.9998316907033011
285,285,PSO,4.25967281961853e-09,224,0.9999889852818011,0.9999844036848506
286,286,PSO,2.881292695058914e-09,227,0.9999733804535529,0.9999514228306142
287,287,PSO,6.058510073788722e-09,131,1.0000763020446455,1.0001510720294486
288,288,PSO,4.713532544076239e-09,172,1.0000550284698924,1.0001141653303194
289,289,PSO,1.2672599699197792e-12,226,1.0000010206948426,1.000002088871461
290,290,PSO,1.3268543288632768e-10,155,1.0000068151489707,1.0000127016938753
291,291,PSO,5.644226114917254e-09,234,0.9999249151628181,0.9998495811430345
292,292,PSO,9.38312024251089e-09,189,0.9999841924938159,0.9999779420377009
293,293,PSO,6.561546543025291e-09,215,0.9999193233474848,0.9998393800068424
294,294,PSO,3.146077112772016e-09,222,0.9999447307793089,0.9998904205963429
295,295,PSO,9.196745272242088e-09,220,1.0000516992269692,1.0001114782148395
296,296,PSO,2.7771293895500202e-09,134,0.9999583550649123,0.9999134825781807
297,297,PSO,5.4101231433413437e-11,227,0.9999927672372733,0.9999856682569895
298,298,PSO,1.6744902606240454e-10,205,1.000011719856135,1.0000228912696558
299,299,PSO,8.468247729617084e-09,148,1.0000625292724459,1.0001183109084477
0,0,DE,4.6047195077538095e-09,306,1.0000594581454898,1.0001156495839925
1,1,DE,9.950450737635209e-09,326,1.0000997194380057,1.00019970346525
2,2,DE,8.687732554617044e-09,346,0.9999087964595523,0.9998156786171957
3,3,DE,1.654684949065706e-10,314,1.0000003597068619,0.9999994335713049
4,4,DE,2.2477871071979967e-09,376,1.0000082399104455,1.000011810958521
5,5,DE,4.783980998913941e-09,347,1.0000573433551414,1.0001185574532876
6,6,DE,6.817941930491568e-09,393,0.9999630971802587,0.9999188091643917
7,7,DE,7.14996963373429e-09,361,1.000083989657725,1.0001670080700191
8,8,DE,7.892261044448028e-09,320,1.0000884634822476,1.0001761194783605
9,9,DE,8.774869148362189e-09,319,0.9999822142373295,0.9999552317611486
10,10,DE,1.2215603562784402e-09,325,1.0000109463617148,1.0000252120864215
11,11,DE,6.721375425034697e-09,361,1.0000573380398416,1.0001088195681804
12,12,DE,1.1653578087846305e-09,274,1.0000321363323283,1.0000631221160823
13,13,DE,5.635393514476503e-09,328,1.000047458565235,1.0001007358061713
14,14,DE,3.7951107308811156e-09,344,0.9999627847957251,0.9999304802933819
15,15,DE,4.7329851485281185e-09,328,0.9999325069445575,0.9998663513833442
16,16,DE,1.892953555083418e-09,321,1.0000414108497941,1.000084157937112
17,17,DE,6.773214298391541e-10,228,1.0000254417912247,1.0000514322871135
18,18,DE,7.886038202233819e-09,283,1.0000576562445007,1.0001085617065877
19,19,DE,4.306692793627838e-09,292,0.9999596593074006,0.9999141440260699
20,20,DE,7.823727983722666e-09,325,0.9999134616338002,0.9998287606175748
21,21,DE,9.34189413422357e-09,292,1.0000829421368609,1.0001609287987723
22,22,DE,7.792634867946824e-09,299,0.9999286431599991,0.9998624883688421
23,23,DE,3.629114035073028e-09,332,1.000034023590724,1.000063076911381
24,24,DE,8.315055861226213e-09,305,0.9999488426088099,0.9999052363293748
25,25,DE,8.487895588400967e-09,220,1.000009234398847,1.0000276354643736
26,26,DE,7.7442695210519e-09,365,0.9999263988298508,0.9998576271179549
27,27,DE,5.885917380268155e-09,294,1.000054178900433,1.0001029288266763
28,28,DE,6.945212044971501e-09,316,1.0000784690287372,1.0001541373953566
29,29,DE,4.699116401668683e-09,306,0.999939707647601,0.9998761571078058
30,30,DE,1.3847663600612228e-09,320,1.000035419870516,1.0000696999472534
31,31,DE,1.4900326858432953e-09,371,0.99996418819331,0.9999269370192957
32,32,DE,9.641370302623748e-09,320,1.0000981871402328,1.0001964649023833
33,33,DE,3.794800789909314e-09,318,1.0000289688462185,1.0000633750808479
34,34,DE,6.1096209879162236e-09,324,1.000077956475189,1.0001564883163043
35,35,DE,1.4359157107188326e-10,337,1.0000045482527204,1.0000102051512592
36,36,DE,9.410231190318151e-09,288,1.0000918481387275,1.000186825852114
37,37,DE,8.702707994696313e-09,338,0.9999471811293601,0.9999020545705795
38,38,DE,3.579721432091903e-09,306,1.0000584510970931,1.0001156281496386
39,39,DE,1.1582989204494595e-09,319,0.9999955982621352,0.9999878217493939
40,40,DE,7.595294382860119e-09,337,1.0000851277911056,1.0001721297878812
41,41,DE,8.04220419551156e-09,353,1.000060814242475,1.0001150414078686
42,42,DE,4.920496461862112e-10,380,0.9999782264800684,0.9999568772676334
43,43,DE,1.5067453277626664e-09,291,1.0000124931669916,1.000021311349104
44,44,DE,3.3959274285000165e-09,287,0.9999838125496785,0.9999620272421701
45,45,DE,8.792582378060856e-09,305,0.9999883288468852,0.9999673538703113
46,46,DE,8.630770091384425e-09,356,1.0000652143603106,1.0001370495113753
47,47,DE,4.4408435552920063e-10,344,0.9999812043693572,0.9999633620275823
48,48,DE,9.648567811474253e-09,290,1.000083232664925,1.0001716884738763
49,49,DE,1.6284764670479973e-09,332,1.0000357899047325,1.0000734453843139
50,50,DE,2.044456105231278e-09,315,1.0000244459433245,1.0000526962349814
51,51,DE,5.393903065700319e-09,319,1.0000452554989785,1.0000962973721472
52,52,DE,5.368971161540308e-09,268,1.0000350757670156,1.0000637195212005
53,53,DE,9.325562183334033e-09,296,0.9999988985410192,0.9999881408163894
54,54,DE,9.453330542333841e-09,254,1.0000847053817163,1.0001646447541193
55,55,DE,6.284404390462095e-09,272,0.9999396066224181,0.9998740816761982
56,56,DE,1.1483311160643728e-09,252,1.000026841509161,1.0000516152502053
57,57,DE,5.77392714036008e-09,331,0.9999599154641038,0.9999133771828398
58,58,DE,4.035342574056113e-09,255,0.9999631637007526,0.9999315041131226
59,59,DE,1.5770390289915634e-09,306,0.9999640990676122,0.9999265018903529
60,60,DE,9.240422304705042e-09,289,0.9999661056998892,0.999923217217188
61,61,DE,6.079599613534856e-10,348,0.9999884958292924,0.9999748109332607
62,62,DE,6.5270527130505565e-09,318,1.000008764701207,1.0000094981451444
63,63,DE,7.47761747223962e-09,336,1.0000703250594494,1.0001456869662264
64,64,DE,2.3634439279784614e-09,282,1.0000383975059148,1.0000797782230535
65,65,DE,1.8419575838833413e-09,301,0.9999728826565887,0.9999490926192397
66,66,DE,4.15514871459249e-09,342,0.9999878478589317,0.9999820263269603
67,67,DE,5.775761372295795e-10,318,1.0000006295082677,1.000003661473709
68,68,DE,6.076177328217603e-09,312,1.0000341162681028,1.0000612249501806
69,69,DE,1.5028551760669906e-09,330,0.999995540354099,0.9999949316587979
70,70,DE,5.2658049401883265e-09,255,0.9999805074768654,0.9999680052167227
71,71,DE,6.826493136375343e-09,302,1.0000467252077747,1.0000866384604816
72,72,DE,1.503017199434983e-09,362,0.9999614823238372,0.9999234066516877
73,73,DE,2.2301539982684577e-09,235,0.9999616492204533,0.9999260555816735
74,74,DE,9.701172454642809e-09,349,1.000083915145674,1.0001729942903237
75,75,DE,2.860615321052053e-09,349,1.0000002174689435,1.0000057833657672
76,76,DE,1.4160448574720547e-09,304,0.9999666281029941,0.9999349961737417
77,77,DE,9.569484916338961e-09,254,1.000090357062143,1.00018447073668
78,78,DE,4.843672878597954e-09,253,0.9999607989785703,0.9999273501049564
79,79,DE,2.8431596524751194e-09,318,0.9999475642241338,0.9998960989222316
80,80,DE,8.6799724258392e-09,295,1.0000313772019673,1.0000539830206974
81,81,DE,6.659588026960204e-09,344,1.0000749420110469,1.000153119627574
82,82,DE,3.307732986322943e-09,304,1.0000568168501267,1.0001127448604283
83,83,DE,2.4605125165805903e-09,326,0.999972981682173,0.9999501240498861
84,84,DE,9.80004231867592e-09,367,1.0000741082034108,1.0001416583506408
85,85,DE,6.130558439503061e-09,281,1.000057824283425,1.0001209310303922
86,86,DE,6.5952095466652944e-09,348,1.0000812045886747,1.0001623145626
87,87,DE,6.675417171008387e-09,341,0.9999918408090984,0.9999755522046045
88,88,DE,6.106781868538458e-09,346,1.0000693948189878,1.000142387698621
89,89,DE,7.349480704363809e-09,351,0.9999714314696434,0.999950946650831
90,90,DE,9.144030386391837e-09,317,1.0000003243670188,1.0000102111214872
91,91,DE,6.305040005277198e-09,342,0.9999537750962058,0.9999140085651113
92,92,DE,8.951352704658695e-09,332,0.9999821476375498,0.9999735867970975
93,93,DE,8.612022084899262e-11,311,1.0000039491095636,1.0000087380249019
94,94,DE,1.459502372752329e-09,327,0.9999618367622054,0.9999238501851182
95,95,DE,7.54732803927064e-09,318,0.9999242651298077,0.9998442797558764
96,96,DE,3.919958740385058e-09,279,1.000045720336608,1.000087165370012
97,97,DE,1.3475452702446593e-09,352,0.9999724247012824,0.9999472732770139
98,98,DE,7.662080675536696e-09,330,0.999989992598069,0.9999886812336031
99,99,DE,9.293035436574536e-09,353,0.9999378840852878,0.9998831440358643
100,100,DE,7.713892743340088e-09,269,1.0000261241967643,1.0000438637202633
101,101,DE,8.797696173856093e-09,283,0.9999803965882577,0.9999699660209054
102,102,DE,8.628681821191709e-10,350,0.9999898034686476,0.9999823618532917
103,103,DE,3.4567631834044745e-09,344,1.000023768045472,1.0000421590697903
104,104,DE,6.849670229592137e-09,360,0.9999713459672711,0.9999349283389158
105,105,DE,9.213210221983574e-09,335,1.0000939574289478,1.0001859610046477
106,106,DE,8.323730384299214e-09,309,0.9999619170563134,0.9999155449539222
107,107,DE,9.240132620229813e-10,357,1.000016523722021,1.0000304962863542
108,108,DE,2.746118805619225e-09,335,0.9999749306487782,0.9999452601367735
109,109,DE,4.1847722056190825e-10,352,0.9999839920550353,0.9999692580339369
110,110,DE,7.661333416628268e-09,326,0.9999287583117982,0.999862606927857
111,111,DE,2.35697623983901e-09,339,0.999958798535845,0.9999150308603907
112,112,DE,6.244282165011041e-09,361,1.0000774414677849,1.0001564608781452
113,113,DE,7.640449239847e-09,360,0.9999312978706716,0.9998680045955447
114,114,DE,3.632603718316437e-09,373,1.0000377011941697,1.0000707014447012
115,115,DE,9.805277622517393e-09,394,0.9999470204031852,0.9999024092811095
116,116,DE,2.443398496554033e-09,327,0.9999730081612086,0.9999501581125979
117,117,DE,9.075683937652775e-09,312,0.9999375798467385,0.9998679667790669
118,118,DE,5.729531461867716e-09,296,1.000032451124848,1.000071741764556
119,119,DE,3.563681744641087e-10,348,1.000017859212861,1.0000351070528357
120,120,DE,7.61855531316924e-12,325,0.9999991517752228,0.9999985662119738
121,121,DE,1.876308335998839e-09,344,1.0000283175288764,1.0000599137032775
122,122,DE,5.720081926969973e-09,285,1.000075456101331,1.0001504035160862
123,123,DE,6.823558078874452e-09,280,0.9999232962447612,0.9998496644649817
124,124,DE,4.711945367915626e-10,287,1.0000129884600837,1.0000277163256008
125,125,DE,9.930164754553823e-09,333,1.0000385522235864,1.0000862949980407
126,126,DE,7.608942008759115e-09,282,0.9999557553389176,0.9999190301828805
127,127,DE,5.774091579988106e-09,266,1.0000481549229654,1.000090434074173
128,128,DE,9.047182830445114e-09,325,0.999992063218354,0.9999746480028114
129,129,DE,6.7827573093752425e-09,375,1.000049805532959,1.0000930544564837
130,130,DE,7.362784914050866e-09,308,0.999984263757237,0.9999600926239435
131,131,DE,5.7919845077439754e-09,327,0.9999285984775794,0.9998598360751733
132,132,DE,7.336191172744563e-09,290,0.9999562030039263,0.9999050472098227
133,133,DE,2.5373204703499184e-09,239,0.9999853137346878,0.9999658093512405
134,134,DE,2.2381019777784477e-09,263,1.0000185394881211,1.0000327268616174
135,135,DE,4.3975792195872545e-09,311,0.9999606773418808,0.9999266959938649
136,136,DE,6.976901496784244e-09,353,1.0000160052467504,1.0000238127416343
137,137,DE,7.290822000735869e-09,325,1.0000210743506446,1.0000504236204737
138,138,DE,5.022270889849429e-10,325,1.0000192096882967,1.0000395739334782
139,139,DE,3.1840364647683216e-09,325,1.0000230614560783,1.0000512734009857
140,140,DE,4.666147663086016e-09,329,0.9999529854543464,0.9999109287019323
141,141,DE,8.407907014633307e-09,340,1.0000856423363413,1.0001745681288419
142,142,DE,4.079469451049301e-09,322,0.999988093495488,0.9999699120195137
143,143,DE,5.444731621999654e-10,312,0.9999983692633689,0.9999990662189389
144,144,DE,9.39938219615921e-09,307,1.0000586951136528,1.0001096772834805
145,145,DE,3.5543688516281715e-09,330,1.0000507072213198,1.0000982814970663
146,146,DE,4.3369493835747406e-09,327,0.9999351937177285,0.9998715625117426
147,147,DE,7.1380842600354374e-09,319,0.9999857080670748,0.9999630893792321
148,148,DE,2.5772751286678265e-09,266,0.9999554397678141,0.9999133139291775
149,149,DE,7.117299055520618e-09,350,1.0000343838620103,1.000076472833249
150,150,DE,5.619879587211328e-09,246,0.9999920353583596,0.9999766166242193
151,151,DE,7.259545590019951e-10,297,1.0000211349685506,1.0000439415141342
152,152,DE,8.119512127179477e-09,308,0.9999344602705793,0.9998627409414065
153,153,DE,2.6738461467681915e-09,325,1.0000304142354823,1.000056647505955
154,154,DE,5.923853718325343e-09,327,1.000016976795941,1.0000414609714865
155,155,DE,6.022387052466384e-09,311,1.0000773123091085,1.00015395833123
156,156,DE,3.5993196637278504e-09,349,1.0000270750804905,1.000048797147988
157,157,DE,2.0021869085160543e-09,372,1.0000427954723279,1.0000842861221497
158,158,DE,8.675200122282362e-09,391,0.9999101698872097,0.9998228090447103
159,159,DE,7.865056282360553e-09,326,0.9999368334094508,0.9998798957893381
160,160,DE,3.703042755890885e-09,306,1.0000543095931669,1.0001113671510677
161,161,DE,7.508915337178477e-09,321,0.9999921870593163,0.9999757440734788
162,162,DE,5.955535177775083e-09,270,1.00001276355837,1.000017916348854
163,163,DE,3.468969260070607e-09,354,0.9999961455753789,0.9999864139956568
164,164,DE,1.5829575371184054e-09,349,0.9999814493041995,0.99995937925194
165,165,DE,8.44407297301665e-09,349,0.9999114302490769,0.9998253167548817
166,166,DE,1.950033609127225e-09,325,1.0000326200790368,1.000062264707314
167,167,DE,7.99165599134483e-09,325,0.9999169501338473,0.9998305990299665
168,168,DE,6.101091557922593e-09,338,0.999923331704475,0.9998481628197666
169,169,DE,1.2581256464681033e-09,346,0.9999733763772204,0.9999490971960854
170,170,DE,3.593659139195444e-09,348,0.999979034386823,0.9999524530737787
171,171,DE,7.663214726992602e-09,290,0.999972418965497,0.9999365305623978
172,172,DE,8.171363715411898e-09,299,0.9999713703399412,0.9999513157087048
173,173,DE,3.2893893622815593e-09,324,1.0000306757904263,1.000056506507779
174,174,DE,4.411001455852545e-09,303,1.0000245925484916,1.000043016254464
175,175,DE,4.526626548209428e-09,311,0.9999358965970676,0.9998738402920763
176,176,DE,3.1312387215065607e-09,318,1.0000433196382543,1.000083099052504
177,177,DE,7.596446724284389e-09,332,0.999977092761955,0.9999625953917707
178,178,DE,8.053661851214643e-09,371,0.9999121564066793,0.9998261567350829
179,179,DE,9.198381183041611e-09,268,0.9999224721512873,0.999839304240297
180,180,DE,6.7222888465661425e-09,287,0.99999234407894,0.999976525082463
181,181,DE,1.6721626228282614e-09,353,1.0000220248935687,1.0000406048888206
182,182,DE,9.644454059741733e-09,331,1.000062985621022,1.0001335099724031
183,183,DE,3.0022920772294546e-09,325,1.0000519621015544,1.0001021884208443
184,184,DE,6.396905880359142e-09,320,0.9999297237145437,0.9998632709403293
185,185,DE,9.556098455983053e-10,315,0.9999906955177145,0.9999843390644289
186,186,DE,8.836534912129198e-09,367,1.000034991225336,1.0000612589119884
187,187,DE,7.811182448988599e-09,331,0.9999284327206027,0.9998516847102401
188,188,DE,7.6108665140606e-09,347,1.0000227345243804,1.0000370469722448
189,189,DE,8.56115190014615e-09,358,0.9999102161915903,0.9998182043324023
190,190,DE,8.23171596942438e-09,369,1.000004516326763,1.000018094306647
191,191,DE,8.176018088417503e-09,400,1.0000840584550916,1.0001647920183003
192,192,DE,3.834887984046177e-09,350,1.0000495940992835,1.0001028991798153
193,193,DE,3.802748906819147e-09,331,1.0000552753513405,1.0001132875913268
194,194,DE,9.335685436584708e-10,326,1.0000296359671854,1.000058529320949
195,195,DE,8.883911897139054e-09,353,1.0000908254464724,1.000184178368616
196,196,DE,8.79661076651529e-09,312,1.0000189189000266,1.000047024390061
197,197,DE,8.755171425362638e-09,303,1.0000766171545317,1.000147868975423
198,198,DE,7.035536609250705e-09,306,1.000040831183824,1.0000889909380244
199,199,DE,1.320470689116848e-09,382,0.9999864651906563,0.9999763029221731
200,200,DE,1.5358925189389302e-09,347,0.9999796721617153,0.999955994107592
201,201,DE,1.2969359825748314e-09,351,1.0000027080283276,1.0000090071676702
202,202,DE,5.534638040991228e-09,311,1.0000653788720533,1.0001343120060104
203,203,DE,8.650185584949352e-09,329,0.99995294057005,0.9998978611382645
204,204,DE,5.148548844183314e-09,325,0.9999309561518569,0.9998599638788208
205,205,DE,6.165740547166878e-09,329,0.9999325353899838,0.9998690931255407
206,206,DE,6.519947644047953e-09,300,0.9999640908278631,0.9999354151502531
207,207,DE,2.1928237030625484e-09,324,1.0000269076472328,1.0000499835229248
208,208,DE,7.951642003616097e-09,285,1.0000778780223705,1.0001601056746632
209,209,DE,9.469604682714942e-09,289,1.0000964924115328,1.000191733898955
210,210,DE,1.4845560165785845e-09,302,0.9999673106599171,0.9999366619056776
211,211,DE,5.988398254575155e-09,281,1.0000744128078325,1.0001509551404193
212,212,DE,5.156372343301225e-11,362,1.0000015571325518,1.0000024132749346
213,213,DE,6.545521898880667e-09,320,1.0000677678985002,1.0001399597037246
214,214,DE,1.1423978276697112e-09,278,1.0000299456236799,1.0000583247977757
215,215,DE,8.329347097166572e-09,346,0.9999513356008369,0.9998949527387563
216,216,DE,3.7277109386157846e-09,312,1.00005728039454,1.000112450619533
217,217,DE,5.4162837620233115e-09,305,1.000010645275215,1.000028572807583
218,218,DE,6.5134377626788415e-09,287,0.9999330000964499,0.9998705040714977
219,219,DE,3.648052631421377e-10,354,1.000013726043186,1.0000287804351642
220,220,DE,6.483204629560176e-09,250,1.000049836053592,1.000093350373559
221,221,DE,4.695030966918862e-10,310,1.0000159076751067,1.0000303443827898
222,222,DE,8.644372645004597e-09,311,0.9999135663336858,0.9998305659139346
223,223,DE,9.945863133599183e-09,300,0.9999673407120553,0.9999252595219694
224,224,DE,3.6460834237406818e-09,333,0.999942340164756,0.9998864764922075
225,225,DE,9.94326572682682e-09,332,1.000099694932871,1.000199195205539
226,226,DE,4.674086845910558e-09,351,0.9999717099238229,0.9999496446004449
227,227,DE,6.631082420373492e-09,301,0.9999727492697483,0.9999378256388175
228,228,DE,6.122940287993375e-09,365,0.9999417078278001,0.9998781989358124
229,229,DE,8.052712330739317e-09,345,1.0000476213007377,1.000087639000446
230,230,DE,1.8643713203894577e-09,363,1.000012479455692,1.0000290926303608
231,231,DE,9.555342601768355e-09,330,1.0000962917755316,1.000194275786528
232,232,DE,3.012625608379308e-09,328,0.99995659426197,0.9999098309921048
233,233,DE,1.949666785872779e-09,261,0.9999677669074325,0.9999385526254148
234,234,DE,9.741296547318812e-09,251,1.000091850412121,1.0001800970614925
235,235,DE,1.2829490748327541e-09,307,1.0000079158217021,1.000019324969355
236,236,DE,5.420004909531759e-09,300,1.0000104613652785,1.0000136354778228
237,237,DE,4.435760452003541e-09,258,1.0000584616091859,1.0001137360238026
238,238,DE,1.6578599722441238e-09,345,1.000040709814735,1.0000813457250965
239,239,DE,7.277149425487437e-10,356,0.9999852182471268,0.9999726932914131
240,240,DE,8.641685521764053e-09,322,1.0000919927505143,1.000185331944915
241,241,DE,4.999193590791498e-09,328,1.000021252991705,1.0000492499534204
242,242,DE,3.955746986238319e-09,335,0.9999662786147469,0.9999272493034663
243,243,DE,6.111563963099007e-09,322,1.0000542960365382,1.000102970517265
244,244,DE,5.658072134467581e-09,332,0.9999277397564911,0.9998533954060622
245,245,DE,6.232357769188359e-09,270,1.0000789175107911,1.000158050635795
246,246,DE,9.129981403488468e-09,350,0.9999093465037819,0.999815681415979
247,247,DE,2.2057986005850346e-09,327,1.000045259664952,1.0000892669409016
248,248,DE,8.584134197767781e-09,323,0.9999510643851717,0.9998942638657559
249,249,DE,7.009046524107721e-09,346,1.0000308519459709,1.0000694876478766
250,250,DE,5.893257341525062e-09,257,1.000068050036618,1.000132551607003
251,251,DE,9.276561599518384e-09,286,0.9999417730445015,0.9998758773328414
252,252,DE,3.725865762736344e-09,291,1.000001465677251,1.000009033583746
253,253,DE,6.558817362579971e-09,326,1.000058416004689,1.000111226154691
254,254,DE,8.155369310492625e-09,302,0.9999195083987359,0.9998349288027326
255,255,DE,4.4639359491432664e-09,367,1.0000537041759876,1.0001034365695483
256,256,DE,5.520287120297047e-09,300,1.0000555652850358,1.0001160659858455
257,257,DE,5.1039557489457415e-09,344,0.9999303952354058,0.9998624050749173
258,258,DE,7.55198611922816e-09,330,0.9999488481770803,0.9999047242657746
259,259,DE,2.77678376061599e-09,337,0.9999480753498599,0.9998970512514923
260,260,DE,2.1735603572615694e-09,345,1.0000202123403688,1.0000362238731975
261,261,DE,1.961903660260217e-09,293,1.0000146883402707,1.0000335555998203
262,262,DE,9.936627974485457e-09,340,1.0000358469038018,1.0000623936800972
263,263,DE,4.895386749970137e-09,318,1.0000271421913265,1.0000607339085401
264,264,DE,3.0171744053842377e-09,301,0.999964952003368,0.9999341346704474
265,265,DE,1.0759861398292655e-10,335,1.000003935426234,1.000006911123019
266,266,DE,5.3044148927618195e-09,354,1.0000693700276364,1.0001409634574727
267,267,DE,5.611937212800101e-09,344,0.9999632988651618,0.999933129746416
268,268,DE,9.2767614281613e-09,275,1.0000835226314453,1.0001718488329878
269,269,DE,7.820260196110633e-09,290,0.9999182895266578,0.9998399675323099
270,270,DE,9.872245875934045e-09,318,0.9999064936963656,0.9998096363488803
271,271,DE,1.6057725803782761e-09,335,1.0000345983550785,1.0000712196055146
272,272,DE,3.4645363698307786e-09,313,1.0000445091044066,1.0000851685980017
273,273,DE,8.924778735692947e-09,321,1.0000282816722912,1.0000475503074344
274,274,DE,9.628656207241228e-09,321,1.00007067223348,1.0001481568777908
275,275,DE,8.079098925759851e-09,336,0.9999908984211976,0.9999907391062817
276,276,DE,5.560189080245882e-09,337,1.00006981671788,1.0001370195031831
277,277,DE,9.93915272835444e-09,338,1.0000231198382998,1.000055937956125
278,278,DE,6.5307787414701e-09,290,0.9999997641586408,1.000007609606294
279,279,DE,5.463787342946509e-09,283,1.0000429575001883,1.0000799014982518
280,280,DE,1.0856770147047225e-09,289,0.9999744734229542,0.9999510309342883
281,281,DE,9.715057363424745e-09,342,1.0000130188811187,1.000016267790431
282,282,DE,3.0345582641791522e-09,344,1.0000505939868933,1.000103369539629
283,283,DE,5.69057315213012e-10,336,0.9999803039147359,0.9999592624033771
284,284,DE,5.95542268450764e-09,351,1.0000739521547042,1.0001457041004311
285,285,DE,1.562617941095489e-10,371,1.0000096944643606,1.0000201781941356
286,286,DE,3.950550891716792e-09,315,0.9999393175176451,0.9998770010753639
287,287,DE,6.21678970064892e-09,314,0.999939879803735,0.9998848645469336
288,288,DE,8.54086925223632e-09,357,0.9999130346832188,0.9998292040733555
289,289,DE,3.999657954364433e-09,306,0.99994803926229,0.9998996864147721
290,290,DE,8.9716931015192e-09,280,1.0000937375063421,1.0001888438472206
291,291,DE,4.5928222663419547e-10,335,0.9999819202050599,0.9999649914030736
292,292,DE,4.40591764000101e-09,306,1.0000557090050193,1.0001078122017848
293,293,DE,9.894535469159563e-09,277,0.9999695892101934,0.999929708484982
294,294,DE,7.354367449877989e-09,347,0.9999343695446798,0.9998632234231799
295,295,DE,3.821571230885688e-09,317,0.999946361765162,0.9998896531176252
296,296,DE,9.866181128889373e-09,293,0.9999988545380901,1.0000076412822052
297,297,DE,3.9520505641225e-09,299,1.0000589245480258,1.0001200433401733
298,298,DE,4.389751203145882e-09,289,1.0000438819969448,1.0000927299114082
299,299,DE,3.015731010027553e-09,306,1.0000204830903112,1.0000460618666311
0,0,GA,3.4950444493945716e-08,501,0.9998133448334938,0.9996256743009186
1,1,GA,9.802358333805506e-05,501,1.0098960481005232,1.0199203290136214
2,2,GA,0.00031779199640844674,501,0.9821734846932012,0.9646733263298282
3,3,GA,4.954533817088245e-05,501,0.9929799384424473,0.9859577700280631
4,4,GA,0.0013487762401314732,501,1.036725689103561,1.0748001537125647
5,5,GA,2.6601804335923727e-05,501,0.994865260516808,0.9897082805366725
6,6,GA,0.00040694294392553467,501,0.9798552381974156,0.9600099150894401
7,7,GA,0.00026773701065911307,501,0.9839964159416071,0.9685898616478582
8,8,GA,2.5483640774232255e-05,501,1.0050479245454178,1.0101259116351264
9,9,GA,9.085565169768983e-05,501,1.0095156624237143,1.019177354237493
10,10,GA,0.00018394759881685922,501,0.9864696509851405,0.9732160341721336
11,11,GA,4.9726784241288164e-09,225,0.9999307028314625,0.9998601043989568
12,12,GA,0.0017223143857947887,501,1.0412829896189912,1.0846948719817273
13,13,GA,9.24611006051403e-05,501,1.0096039679117526,1.0193475957466664
14,14,GA,8.957998589660312e-05,501,0.9905510487934577,0.9811368544010404
15,15,GA,8.391581646246231e-05,501,1.0091600121144342,1.018413927313371
16,16,GA,0.00012056518408135817,501,1.0109792677754192,1.022093523969825
17,17,GA,0.004790122396334305,501,0.9308915066645341,0.8661829846107465
18,18,GA,1.4093220865931362e-05,501,0.9962510280744119,0.9924965072745929
19,19,GA,8.030225952952501e-06,501,1.0028298098350699,1.0056825948751411
20,20,GA,0.0002500539072313745,501,0.9841869070947087,0.9686238681094202
21,21,GA,0.0024476504603275825,501,0.9506570741755499,0.9033893433848212
22,22,GA,0.005197849368928527,501,0.9280828809945517,0.8608301198739657
23,23,GA,6.0588369943108025e-05,501,0.9922261153312153,0.9844732828458047
24,24,GA,0.0011744898591931991,501,0.9657349946774719,0.9325808921737025
25,25,GA,0.0006282939225010083,501,1.0250604537305483,1.0506972055392045
26,26,GA,0.0006082289741985873,501,1.024639003988339,1.0499922545644615
27,27,GA,0.000523357561927552,501,1.022849657904938,1.0463332571769566
28,28,GA,0.000700353232036508,501,0.9735651578083712,0.947704523146281
29,29,GA,3.297306120883359e-05,501,0.9942578235904576,0.9885464488481543
30,30,GA,0.00010659864335872538,501,0.989675338574548,0.9794575889680482
31,31,GA,2.3439618738078934e-05,501,1.0048402110825525,1.0097147930320922
32,32,GA,0.0007800951208985036,501,0.9720712536395577,0.9448941941392874
33,33,GA,0.010761483657019727,501,0.8962930567039208,0.8030891806224785
34,34,GA,0.0029901653150369877,501,1.0546744067785365,1.1122445864836945
35,35,GA,6.12807603479329e-05,501,1.0078196347706696,1.0156638003309264
36,36,GA,0.0011568709304605154,501,0.9660400241961963,0.9330438296981854
37,37,GA,0.0019141334129178019,501,0.9563129996198249,0.9142983454794973
38,38,GA,4.282616847270215e-05,501,0.9934641019180432,0.9869380273116877
39,39,GA,3.4430702900141284e-05,501,1.0058597448749542,1.0117845009260156
40,40,GA,0.0001673330028073557,501,0.9870658310898341,0.9743190241378991
41,41,GA,9.770128792792858e-05,501,0.9901268262913083,0.9803040440491563
42,42,GA,0.0016718448502683874,501,0.9591118130531601,0.919898661283692
43,43,GA,0.00040322633973815744,501,1.0200804960135668,1.040563775772016
44,44,GA,0.0005032205098561559,501,1.0223896519481266,1.0454193085754002
45,45,GA,1.1311355819534971e-05,501,0.9966375414206159,0.9932936195439147
46,46,GA,0.00021956753764231938,501,0.9851824778562157,0.9705752544585107
47,47,GA,2.2782648644230357e-08,501,1.0001507805675593,1.00030227574482
48,48,GA,0.0002587420987742028,501,0.9839145587333937,0.9680904627937539
49,49,GA,0.00045420041585612415,501,0.9786921082319697,0.9578799757070469
50,50,GA,4.560655345316898e-05,501,1.0067532577111054,1.0135529202888083
51,51,GA,0.0005722256681911503,501,1.0239164528100502,1.0484527513869133
52,52,GA,0.0003884838642240518,501,0.9805957132050571,0.9619137492020917
53,53,GA,0.0012022621691794855,501,1.0346237260086575,1.0706322588946315
54,54,GA,0.0017173436453210681,501,1.0414086665696434,1.0843687325700553
55,55,GA,4.513249726387949e-05,501,0.993292872072632,0.9865923979702124
56,56,GA,0.00036157872959360617,501,0.9809945263211705,0.9622893755477302
57,57,GA,0.0012556831554057888,501,0.964652083299514,0.9303044844272605
58,58,GA,0.0002395803250347884,501,1.015470961561233,1.0312291980274164
59,59,GA,0.0014683984262934533,501,0.9616900467432963,0.9247613800533467
60,60,GA,2.642351952201922e-06,501,1.0016223035086484,1.0032574776739993
61,61,GA,2.3526769459703754e-07,501,0.9995153533835986,0.9990289786115686
62,62,GA,0.0008299184172395566,501,0.971211262245976,0.9431451558564519
63,63,GA,3.63108814048028e-06,501,0.9980946079071712,0.9961904607242951
64,64,GA,0.00010761405786692018,501,0.9896266512913732,0.9793521371526602
65,65,GA,9.45870564362788e-06,501,0.9969265736803762,0.9938512989303101
66,66,GA,0.002898722572115165,501,0.9462113954872946,0.8950813009515188
67,67,GA,6.903010962312024e-05,501,1.0083071331093953,1.016697988321226
68,68,GA,7.647319201999881e-09,247,0.9999844626919271,0.9999603198648309
69,69,GA,8.414628970990205e-05,501,0.990840330385866,0.981714887160443
70,70,GA,0.0013177781660538594,501,1.0362948676747736,1.073974931081116
71,71,GA,0.0003873717828259146,501,0.9803425291550321,0.9609737185083664
72,72,GA,3.050089921893972e-08,501,1.0001746446443656,1.0003493581839311
73,73,GA,0.0008981520178940423,501,0.9700494874231421,0.9408902340324145
74,74,GA,0.00032676473610301226,501,0.9819265595806476,0.9641457849563942
75,75,GA,0.0027493335444633634,501,0.9475728816228465,0.8978088789627877
76,76,GA,0.004141245425586211,501,1.0641220430274638,1.132899864199234
77,77,GA,0.0007608247439110516,501,1.0275805256742747,1.0559590660152667
78,78,GA,3.1050503598251725e-06,501,0.9982430793538092,0.9964757250477476
79,79,GA,0.0006442239824406329,501,0.97462186694217,0.9498460288885999
80,80,GA,0.0006067443281727638,501,0.9753713320621102,0.9513908339395899
81,81,GA,0.001440272784030723,501,1.0330013486081202,1.0689657760182592
82,82,GA,0.0006885834452724935,501,0.9737591264385983,0.9482068279422811
83,83,GA,0.004627080808086775,501,0.9321758895288688,0.868432554378397
84,84,GA,0.0001253732297388386,501,0.9888231025657626,0.9777040317086061
85,85,GA,0.00013801789122322235,501,0.9882648695761577,0.9766122613921285
86,86,GA,9.35619765889279e-06,501,0.9969526153353231,0.9938881270052252
87,87,GA,0.0008769890719666295,501,0.9704247044047581,0.9415727476636234
88,88,GA,5.246922680055301e-07,501,0.9992762167038503,0.9985500762836359
89,89,GA,1.855236882263129e-05,501,1.0043018358692055,1.0086437592301545
90,90,GA,9.790675640010776e-05,501,1.0098945919810405,1.019893256133603
91,91,GA,0.0006957368235623864,501,0.9737033075887281,0.9478926855524404
92,92,GA,0.00034841982014288463,501,1.018666007075507,1.0376804336499579
93,93,GA,0.00470783602296526,501,0.9313863277267039,0.8674804543302961
94,94,GA,3.2717143553068957e-06,501,1.0018044898263763,1.0036246981080739
95,95,GA,0.0034380825023050295,501,0.9414485515754231,0.8860121598473482
96,96,GA,0.0008399715631929314,501,0.9710226150163029,0.9429380905478462
97,97,GA,0.0021259718141304162,501,0.9539567917621499,0.9097887179610004
98,98,GA,0.0031631404451003793,501,0.943764540176402,0.89077597643246
99,99,GA,0.00010525530598321824,501,1.0004979938082477,1.0020209663504254
100,100,GA,0.0010663117322369515,501,1.0326466867179873,1.0664302836383643
101,101,GA,0.0001631653623615803,501,1.0127695783187165,1.025734348493009
102,102,GA,0.0004589577737947591,501,0.9785883331100029,0.9575645357006742
103,103,GA,0.0005631961989092423,501,1.0237315537929335,1.0480360684229986
104,104,GA,0.00034682295167519757,501,0.9813774268557828,0.9631167274829608
105,105,GA,7.780482326543556e-05,501,0.9911816134653552,0.982461210216737
106,106,GA,1.5761200260561795e-06,501,0.998744918357559,0.9974943953941646
107,107,GA,0.0013446610312242116,501,1.036627499420059,1.0747722801933823
108,108,GA,0.00026048905519155064,501,1.0161364085027786,1.0325007390424839
109,109,GA,3.8670018359298655e-06,501,1.0019655195803505,1.0039410135777225
110,110,GA,0.00020291427529538182,501,1.0142447754145176,1.0286950113858286
111,111,GA,0.0012031246944415451,501,1.0346681796357706,1.0706496876857328
112,112,GA,7.525104901297693e-07,501,0.9991325266195175,0.9982657406120176
113,113,GA,0.00014250653059256994,501,0.9881023070795789,0.9764437107222422
114,114,GA,0.0009953030640595872,501,0.9684515952327595,0.9378949984543539
115,115,GA,0.0012133997649375035,501,1.0347946767125682,1.0709652572531443
116,116,GA,0.002101541799914522,501,1.0458425752331413,1.0937876714981367
117,117,GA,6.183898702656123e-05,501,0.9927561592084041,0.9852587563931455
118,118,GA,3.242288047514545e-05,501,0.9943064170521559,0.9886375090978101
119,119,GA,4.128648590138999e-05,501,0.9935875302948564,0.9872570114953056
120,120,GA,9.468154955174508e-05,501,1.0097298264046968,1.0195433552504212
121,121,GA,9.152148069205371e-05,501,0.99044572649406,0.9809340197345059
122,122,GA,0.001380885001602531,501,0.9628397389459852,0.9270603629462154
123,123,GA,0.0014809475120005774,501,0.9615185655397842,0.9244823549839021
124,124,GA,0.0006022300375563516,501,1.024504969741246,1.0497422091808133
125,125,GA,3.099948177174539e-05,501,1.0055676386259134,1.0111692455368353
126,126,GA,0.0003336136071795755,501,0.9817678087309669,0.963758448842775
127,127,GA,5.381687792999156e-05,501,1.0073359984801349,1.0147260194902417
128,128,GA,1.7543559626368295e-06,501,1.0013241018033703,1.0026532890842335
129,129,GA,7.8522672230439e-08,501,1.0002798691915793,1.0005612163807243
130,130,GA,7.867018212854027e-06,501,0.9971986780989219,0.9943911986676089
131,131,GA,0.0014396632767576527,501,1.037911288512701,1.0774146808040117
132,132,GA,2.004632861737566e-05,501,0.9955281991011918,0.9910541858970746
133,133,GA,0.001025364684384541,501,1.0320202030285577,1.0650390006961217
134,134,GA,5.4460762839406494e-05,501,0.9926394853142569,0.9853864006358981
135,135,GA,1.93511289415185e-05,501,1.0043755181463074,1.0088155653577155
136,136,GA,0.001284152654909015,501,1.0357459653918846,1.0725171456619793
137,137,GA,0.0004779141883282534,501,0.9781421989593931,0.9567233384540712
138,138,GA,0.000887888633853839,501,1.029790538942173,1.0605327742932467
139,139,GA,0.0009533969714598014,501,0.9691636870215536,0.9391195458029336
140,140,GA,1.2968847478467358e-07,501,1.0003600968703101,1.0007207560624019
141,141,GA,0.0007241608750834772,501,0.9731017265644336,0.9468467355077484
142,142,GA,0.0006786034611314825,501,0.9739504427121171,0.9485639644601703
143,143,GA,0.0006920144059656687,501,1.0263058643357341,1.0532911146699202
144,144,GA,0.00012019747878851102,501,0.9890393851516123,0.978173925202174
145,145,GA,1.3998736784102028e-05,501,0.9962585116786424,0.9925311608454127
146,146,GA,0.0003855742524987096,501,0.9803814581996866,0.9610649138882913
147,147,GA,0.0021390595162098305,501,1.0462452175704393,1.094695340134385
148,148,GA,0.00012094488310837806,501,0.9890165553138072,0.9780981745754426
149,149,GA,0.00022344804710945144,501,0.9850716319704531,0.9702891866947149
150,150,GA,0.00010768685147834006,501,1.0103593144109593,1.0208868914411395
151,151,GA,4.416221342775173e-05,501,0.9933545703633805,0.9867554896346278
152,152,GA,0.0034361767407136328,501,1.0586188922890034,1.1206692606818318
153,153,GA,0.00015263936698252156,501,1.0123543582252217,1.024851755045561
154,154,GA,2.7705855262365825e-05,501,1.0052571351444448,1.0105680583487544
155,155,GA,0.00017115171820035385,501,0.9869194691542156,0.9740327169978832
156,156,GA,0.0007710748869238738,501,1.0277410160497205,1.0563745153717976
157,157,GA,0.00012652797169571478,501,1.0112429515442791,1.0226475224237048
158,158,GA,1.0111862042345846e-06,501,0.9989966980188428,0.9979876414848703
159,159,GA,1.1295506412121834e-08,501,0.9998937306998924,0.99978731964829
160,160,GA,1.7862363519959375e-06,501,1.0013364898270232,1.0026753252718275
161,161,GA,7.578335793204083e-06,501,1.0027497788573352,1.0055201773401963
162,162,GA,0.00012482235617265218,501,1.0111633626670233,1.0224962559251725
163,163,GA,0.0019692729391866735,501,1.044337915364354,1.0908266733681997
164,164,GA,0.0004901928022104888,501,0.9778800663686461,0.9561544853600452
165,165,GA,1.561851788276139e-06,501,1.0012491570159447,1.002503693505909
166,166,GA,9.066941100220301e-05,501,0.990490060068259,0.9810225535217549
167,167,GA,0.000541441482412962,501,1.023241078785984,1.0471360479753795
168,168,GA,0.0004293272018962594,501,0.9792973552663587,0.9589380045260656
169,169,GA,0.0005130908594094173,501,0.9773484916053202,0.9552095558234628
170,170,GA,0.0034751681434774437,501,0.9410494475612264,0.885571803018906
171,171,GA,0.0003615688916524049,501,1.0189927001131094,1.0384381138652057
172,172,GA,0.0009910232240551414,501,0.968540443485091,0.9379557199589607
173,173,GA,1.2263862279814216e-05,501,1.0034998466433802,1.0070241634049784
174,174,GA,0.00024112463485590637,501,1.0155275811005768,1.0312825347968537
175,175,GA,1.4814013543379762e-05,501,0.9961576288335106,0.9923524262510676
176,176,GA,0.0004545715669146907,501,1.021320647372644,1.0430919118696356
177,177,GA,0.005299614541315706,501,0.9272015485133248,0.8597025547884285
178,178,GA,2.8357801108352455e-05,501,1.005325203783733,1.0106790055724617
179,179,GA,0.0009373778860113737,501,1.030607692219511,1.0622261789698197
180,180,GA,5.729746688660787e-07,501,0.9992445727322146,0.9984945164597253
181,181,GA,0.00033256662592036124,501,1.018235096229009,1.0368245953052624
182,182,GA,3.213208444700416e-05,501,1.0056685167306052,1.0113693243465707
183,183,GA,0.00023584751124281804,501,1.0153542049910058,1.0309751293724616
184,184,GA,5.827346043140293e-07,501,0.9992366421977855,0.9984734258612032
185,185,GA,0.0002121514730494044,501,0.9855692949407896,0.97154447683984
186,186,GA,0.003543401032033773,501,0.9404767074180472,0.8844349008459004
187,187,GA,0.0005911009055443084,501,1.0243125537982716,1.0492187245142401
188,188,GA,0.005370389204836297,501,0.9267924604420678,0.8592766102860169
189,189,GA,0.0017306080679868785,501,0.9584016468338125,0.9184906955138424
190,190,GA,0.0007871540287620751,501,1.0280562358462608,1.0568955511014644
191,191,GA,0.0015716927537373128,501,1.0396130168175337,1.0809533908627609
192,192,GA,1.3985342155692619e-05,501,0.9962604100865383,0.9925319596489821
193,193,GA,0.0003274888686347061,501,0.9819139346791277,0.9642168709847473
194,194,GA,0.004262503858784788,501,0.9347521996705248,0.873533017601162
195,195,GA,2.915828024686912e-05,501,0.9946054300103871,0.9892161087597452
196,196,GA,1.954141896131043e-06,501,1.0013978970077881,1.0027972396854778
197,197,GA,1.0696170698529174e-06,501,1.001034222913755,1.0020694968657788
198,198,GA,2.0143647858215947e-05,501,0.9955118325595297,0.9910439028148552
199,199,GA,2.9571872574393432e-05,501,0.994563970004593,0.98914284445457
200,200,GA,2.5505690605803715e-05,501,1.0050502924318414,1.0101276296635844
201,201,GA,0.0026771496801909897,501,0.948260847374492,0.8991528344684797
202,202,GA,4.9841440025628835e-05,501,1.0070574955834213,1.0141830192119639
203,203,GA,0.0009735829267614831,501,1.0311874394319247,1.063443792628458
204,204,GA,0.0005222602687349187,501,1.0228361772809897,1.0462815539310204
205,205,GA,0.0010247339748830847,501,1.0319587606479124,1.0651225026511923
206,206,GA,0.0008488989544822477,501,0.9709041877423481,0.942502211177852
207,207,GA,0.0010445757149132463,501,0.9677954619958804,0.9369008830703508
208,208,GA,0.0005359148340579346,501,1.0231498329085458,1.0468364194153672
209,209,GA,0.005051157562744881,501,1.0710613436811425,1.1472925267371255
210,210,GA,1.8153390100582243e-05,501,1.0042561057658705,1.0085500626876944
211,211,GA,0.0004904792172302696,501,0.977853530253374,0.9561860832937874
212,212,GA,0.0020103943073571493,501,1.0448279614061786,1.0917575658157967
213,213,GA,2.8451577317401976e-05,501,0.9946660336529156,0.9893585683090551
214,214,GA,0.00010291404165184701,501,0.9898844153524299,0.9799479013692027
215,215,GA,3.0395358693629303e-05,501,0.9944937870178785,0.988990147635824
216,216,GA,2.75265811023688e-06,501,1.0016587706538835,1.0033169193607134
217,217,GA,0.004621695720290037,501,0.9320176064837695,0.8686868008060777
218,218,GA,0.003498286285776898,501,0.9409254489628651,0.885049432493001
219,219,GA,0.0007285530572939714,501,0.973015418399552,0.9466969227919617
220,220,GA,0.002531164237162466,501,1.0503027498369528,1.10304655808457
221,221,GA,0.000264188199100951,501,0.9837461734511875,0.967752898367814
222,222,GA,0.00013726657451239443,501,0.9882840247157878,0.9767003158568641
223,223,GA,1.3461042536846159e-08,501,0.9998845255206174,0.9997679388217346
224,224,GA,0.0003187038880984233,501,0.9821477203895813,0.9646142346582556
225,225,GA,1.458024914890293e-05,501,1.0038002871170388,1.0075778590513038
226,226,GA,0.000510636323354983,501,1.0225934190207495,1.0457389827919343
227,227,GA,3.990504507405683e-05,501,1.006315506548701,1.0126569623982675
228,228,GA,0.0002298282914374615,501,0.984859311824919,0.9698711925144838
229,229,GA,0.008100111556134318,501,0.9100052347304923,0.828006873439086
230,230,GA,5.642192691839408e-05,501,0.9925051704211861,0.9850165676920657
231,231,GA,7.116044309124827e-06,501,0.9973332858919117,0.9946805243283001
232,232,GA,0.004965000570760961,501,0.9295377545856507,0.8640135035912089
233,233,GA,0.0010441254588370384,501,0.9676899569651225,0.9363806581446609
234,234,GA,0.000415722812145238,501,1.0203879351020266,1.0412149719279247
235,235,GA,0.0004254590746165987,501,1.0206252073125157,1.041700287855803
236,236,GA,0.00016198334138812213,501,0.987277534961764,0.9746819703852942
237,237,GA,1.0331085185181545e-07,501,1.0003199650078198,1.0006430873001555
238,238,GA,0.00031778547235521257,501,0.9821738269642429,0.9646540126737219
239,239,GA,0.0005854447832352347,501,0.9758040379223202,0.952194942996117
240,240,GA,2.3963183530563388e-05,501,0.9951266283199915,0.9902308076903364
241,241,GA,0.0010999043015513183,501,1.0331363302824292,1.06750807844016
242,242,GA,1.3401027860411212e-05,501,0.9963392604472964,0.9926922932263522
243,243,GA,0.00015757721572575432,501,0.987448557961093,0.9750350284966175
244,244,GA,0.00037379742047661114,501,0.980670272651066,0.9617540661253923
245,245,GA,0.00013020171399789679,501,0.9885928326379215,0.9772878161186971
246,246,GA,0.0006327398047731772,501,1.0251420707521288,1.0509947561851953
247,247,GA,5.11390271186499e-05,501,1.0071387568503576,1.0143705680375514
248,248,GA,0.0014737025823733552,501,0.9616228614852952,0.9246237742723113
249,249,GA,0.00022770749024668343,501,1.0150852511485415,1.0304358411687249
250,250,GA,0.00010300503787532455,501,1.0101481323733121,1.0203849499635074
251,251,GA,0.002060484442181766,501,0.9547180372813538,0.9118032055361505
252,252,GA,0.001289695312961208,501,1.035875653312614,1.0732006285586682
253,253,GA,7.82890755513051e-05,501,1.0088458662071504,1.0177899132951835
254,254,GA,2.8448963489299335e-07,501,1.0005333394715115,1.0010663417589059
255,255,GA,0.0005628764480327105,501,1.0236998913211506,1.0480706278957699
256,256,GA,5.557606409106367e-06,501,1.0023558308156904,1.0047259680403635
257,257,GA,0.00028876452532408225,501,0.9830082197749251,0.9663261196552806
258,258,GA,2.91609358159517e-06,501,0.9982923717112243,0.9965886554538095
259,259,GA,8.189902471456051e-05,501,1.009048484525066,1.018194320722153
260,260,GA,1.7542086773602015e-06,501,1.00132157633375,1.0026361558503336
261,261,GA,0.001683284694236532,501,0.958984158939594,0.9195513459359085
262,262,GA,0.00019889727762448516,501,1.014102924520567,1.0284116679861195
263,263,GA,7.681872967533653e-05,501,0.9912465018365589,0.982525468646669
264,264,GA,0.00045369161590419433,501,1.0212780229459473,1.043105617269461
265,265,GA,0.0004121125721400649,501,0.979727769423894,0.9597592995866348
266,266,GA,5.794107937119814e-05,501,1.007602572307691,1.0153006231156472
267,267,GA,9.616550435124813e-05,501,1.00980453018844,1.0197243443803552
268,268,GA,0.00040958718977927893,501,0.9797617394692613,0.9599331346275737
269,269,GA,0.0004394545838130443,501,0.9790402753301396,0.9584818441988577
270,270,GA,2.562544326834899e-05,501,0.9949394900584024,0.9899175049139626
271,271,GA,8.749473443427385e-05,501,1.0093472221759783,1.0188170529658385
272,272,GA,3.331786098373177e-05,501,1.0057604381130025,1.011590830292867
273,273,GA,0.0035014560346822874,501,0.9408273457452946,0.8851330677491343
274,274,GA,0.0010455367823691685,501,1.0236001357219546,1.0455468750375352
275,275,GA,1.5698217658225275e-07,501,1.0003961859772164,1.0007929630610484
276,276,GA,8.379564146263903e-06,501,1.0028946713362987,1.0057998241769022
277,277,GA,0.003049679886926368,501,0.9448151572056184,0.8924680033452489
278,278,GA,0.00010302999688049637,501,0.9898499302828879,0.9797950860079435
279,279,GA,0.0031606230192686813,501,0.9438134747542525,0.8905915888807188
280,280,GA,1.2803039548995766e-05,501,1.0035762779384612,1.0071768676440578
281,281,GA,2.350803298268198e-08,501,1.000153244810431,1.0003070036255637
282,282,GA,9.947707088981181e-05,501,0.9900300502223871,0.9801317204366311
283,283,GA,0.00010607504286963848,501,1.010260382575168,1.0207154605249253
284,284,GA,0.0002464486527225869,501,0.9843013168475009,0.9688490818249399
285,285,GA,0.0011641613644185027,501,0.9658801913339105,0.9329250023554638
286,286,GA,1.131407516788493e-06,501,1.0010636489172644,1.002129194020725
287,287,GA,0.00010572631704279093,501,1.0102823167271804,1.020668686874715
288,288,GA,0.0008900911785801475,501,0.970237873668018,0.9411539980138811
289,289,GA,0.00012867914281440468,501,1.0113432194926133,1.0228253615674594
290,290,GA,3.723165420584946e-08,501,0.9998072448310074,0.9996154048771172
291,291,GA,0.00018093911602753507,501,0.9865490337107404,0.9732686896491826
292,292,GA,0.00034211711666753687,501,1.0184920672880342,1.0373661615769108
293,293,GA,1.1020715997633342e-05,501,1.0033166885082623,1.0066586229075154
294,294,GA,0.0033515250617901214,501,0.9421925790766804,0.8874133732449216
295,295,GA,0.0028332596674697117,501,1.0525247327836758,1.1086709376832125
296,296,GA,3.215656085265614e-05,501,1.0056698708442882,1.0113623363956934
297,297,GA,0.0008513975820906137,501,0.9708212821814701,0.9424942544637507
298,298,GA,0.004447930479949617,501,0.9333173292265203,0.8711975082031497
299,299,GA,0.00011696229266607448,501,1.0108149079046427,1.0217475505716997
0,0,ES,6.131566145108917e-09,45,1.0000063900949059,1.0000049759159204
1,1,ES,4.048279620702028e-09,32,1.0000130529735194,1.0000198788391186
2,2,ES,4.530066260992341e-09,39,1.0000611325746338,1.0001194530835904
3,3,ES,2.0430188500541976e-09,40,0.9999567498816316,0.9999148148212224
4,4,ES,1.0810170197599088e-09,37,0.9999684324298264,0.9999359465872532
5,5,ES,1.5363871839654765e-09,31,0.999967180767814,0.9999322195187453
6,6,ES,3.01464101049399e-09,46,1.000048783383573,1.0001000887153753
7,7,ES,6.490177695100987e-09,44,1.0000704058993999,1.0001369011625725
8,8,ES,5.8255038918413615e-09,35,1.0000610413495947,1.0001266684090109
9,9,ES,4.722878214516055e-09,40,1.0000160356768795,1.0000253889951853
10,10,ES,3.062983302684742e-09,46,0.9999493474927155,0.9999009275887942
11,11,ES,1.6580210633205726e-10,47,1.0000088818897759,1.0000168315809042
12,12,ES,7.133623156123948e-09,29,0.9999705061878653,0.9999489276237983
13,13,ES,8.620659541287493e-09,43,0.9999394159841989,0.9998858714305819
14,14,ES,5.434071712243149e-09,41,0.9999826628512665,0.999958161161879
15,15,ES,3.7224581016618263e-09,40,1.000050282512762,1.0000971119395652
16,16,ES,9.370949525716334e-09,36,1.0000150316349312,1.0000205005467502
17,17,ES,2.349061969245439e-09,44,0.9999609214982288,0.9999247114603992
18,18,ES,3.9900897440936915e-09,40,0.999942873767869,0.9998884465056317
19,19,ES,6.791453351811903e-09,38,1.000076806826981,1.0001566064658387
20,20,ES,6.719760593249149e-09,38,0.9999510963214427,0.9999087739331601
21,21,ES,3.3632428128212157e-09,45,0.9999561404111005,0.9999160769246616
22,22,ES,7.365578676389744e-09,35,0.9999214123661708,0.9998462799118161
23,23,ES,5.365617472552729e-09,43,0.9999401841462722,0.9998761437726633
24,24,ES,8.646894352006816e-09,42,0.9999844181679385,0.9999780039669908
25,25,ES,8.279407263763209e-10,48,1.0000260603932898,1.0000509016434909
26,26,ES,5.527931758893495e-09,33,0.999939285321943,0.9998828657863531
27,27,ES,7.442058550643896e-09,44,1.0000245673656838,1.000040865810696
28,28,ES,3.1098568212221223e-09,33,0.9999523606232812,0.9999018246428311
29,29,ES,4.639401655013012e-09,33,0.9999773024464385,0.9999481833969087
30,30,ES,7.791605501365908e-09,39,0.9999295250198325,0.9998643699689198
31,31,ES,1.9877327218279736e-10,36,0.9999896339091106,0.9999802235272249
32,32,ES,5.958223336472482e-09,29,1.0000100272745212,1.000012401103285
33,33,ES,3.558227181611998e-10,42,1.0000167550487964,1.0000343769292923
34,34,ES,7.958348526244702e-09,34,0.9999316675742079,0.9998576048128438
35,35,ES,3.4426650759127915e-09,39,1.0000427912091263,1.0000815698035534
36,36,ES,1.7079875698829628e-09,37,0.9999641784594564,0.9999304192814317
37,37,ES,2.322319080011611e-09,34,0.9999961702994407,0.9999875368103945
38,38,ES,9.34180939969396e-09,41,0.9999038385363817,0.9998086598818812
39,39,ES,1.2666404754387652e-09,45,1.00002052730034,1.0000381476685865
40,40,ES,4.292432806975568e-09,41,1.0000090373050794,1.0000115856549818
41,41,ES,1.1621059870705975e-09,34,0.9999990112778527,0.9999946150232414
42,42,ES,9.292125647699023e-09,33,1.0000865666134044,1.0001773814128556
43,43,ES,3.436108526166852e-09,32,1.000028843339591,1.0000627906182986
44,44,ES,5.039389388596589e-09,28,1.00002807097695,1.000062663025341
45,45,ES,8.950944064534508e-09,30,0.9999242022228105,0.99984274835285
46,46,ES,4.1256046593188105e-09,45,0.9999389893202519,0.9998759741257293
47,47,ES,1.367324984135159e-09,35,0.9999711441906471,0.9999446015012411
48,48,ES,2.203192489836624e-09,37,1.0000212964354944,1.0000384104375752
49,49,ES,1.8615472079702355e-09,44,1.0000318044766559,1.000060694450349
50,50,ES,1.5665518143843287e-09,50,0.999976609910515,0.999950027476759
51,51,ES,8.500561702152468e-09,41,1.0000085288814131,1.0000262381514036
52,52,ES,6.683638238057895e-09,57,0.9999842845344403,0.9999605464345909
53,53,ES,4.79964930957054e-09,36,1.000026305458798,1.0000590207219506
54,54,ES,9.367736861949835e-09,43,1.0000967217861727,1.0001938083559445
55,55,ES,2.213652157622787e-09,39,0.9999782800330188,0.9999523869360024
56,56,ES,6.878989757434353e-09,37,0.999917700951462,0.9998364375412925
57,57,ES,6.920482321686561e-09,32,1.0000568214699717,1.0001197221894194
58,58,ES,3.0003000109682934e-09,45,0.9999475566002983,0.99989353484421
59,59,ES,6.195615590712091e-09,36,0.9999238189620596,0.9998456636644156
60,60,ES,7.509222638029491e-10,35,0.9999803081298687,0.9999625223036003
61,61,ES,8.369760729693353e-09,49,0.999912304343719,0.9998220101688434
62,62,ES,3.3760596015069137e-09,41,1.000058017127105,1.0001157202471673
63,63,ES,5.659708949620367e-09,40,1.0000609424560596,1.0001174775876767
64,64,ES,5.787259911158965e-09,47,0.9999705412849103,0.9999480973124688
65,65,ES,3.903194444815854e-09,34,1.0000235125034829,1.0000528137863236
66,66,ES,8.21366763938785e-09,31,0.9999755621797364,0.9999423977231089
67,67,ES,3.834839777827998e-09,32,0.9999518876098679,0.9998998787684592
68,68,ES,8.260028263282043e-10,40,1.0000110863482743,1.0000248244146515
69,69,ES,8.400072910926584e-10,37,0.9999713002329609,0.9999430054017486
70,70,ES,1.2684054767042723e-10,49,0.9999929034118785,0.9999866813967582
71,71,ES,4.9030063593396885e-09,41,0.999979917007966,0.9999665423845165
72,72,ES,6.049726741305469e-09,37,0.9999769916731557,0.9999465539741896
73,73,ES,1.573396195184082e-09,46,1.000027215657273,1.0000573177166774
74,74,ES,2.77583786745294e-09,35,0.9999897924852178,0.9999847538699522
75,75,ES,9.82934433637485e-09,44,1.000099097322008,1.00019850554746
76,76,ES,5.048443040727376e-09,40,1.0000627190198708,1.0001221031598744
77,77,ES,7.183449875453219e-11,34,0.9999976182730456,0.9999960499512687
78,78,ES,6.659225004342539e-09,42,1.0000784699636875,1.0001591859282155
79,79,ES,1.763322767293423e-09,41,0.9999620842658254,0.9999259747403454
80,80,ES,1.6742282198708534e-09,35,1.0000174717116934,1.0000312437725527
81,81,ES,9.928070840310765e-09,42,0.9999023066223444,0.9998026630060373
82,82,ES,6.174391897252234e-09,42,1.0000496218629003,1.000105338858004
83,83,ES,6.34452295450493e-10,41,1.000005590642099,1.0000087253084982
84,84,ES,8.261586019571843e-09,40,0.9999091524511545,0.9998186014070102
85,85,ES,5.831598772989082e-09,40,1.0000648970539916,1.0001338232061388
86,86,ES,3.084711579126259e-09,27,1.00000112584514,1.000007804568326
87,87,ES,3.4752192118704348e-09,41,0.9999901338864302,0.9999860798225533
88,88,ES,6.895251422931791e-09,34,0.999950540743337,0.9999077540403525
89,89,ES,6.993928609123348e-10,43,0.9999852190569064,0.9999682453512536
90,90,ES,1.458788864734698e-09,39,1.0000381936211262,1.0000763696825927
91,91,ES,4.721440567139601e-09,38,0.9999665990708877,0.9999392041041911
92,92,ES,7.274379060467705e-09,35,1.0000681116802035,1.0001413613981707
93,93,ES,2.8970612358865905e-09,41,0.9999984882227321,1.0000023567597902
94,94,ES,9.024718241586081e-09,31,1.0000770375187646,1.0001596396942338
95,95,ES,4.401732226442263e-09,34,1.000047181853189,1.000089701594443
96,96,ES,6.175211243132819e-09,41,0.9999415741837704,0.999888406907415
97,97,ES,5.0029808689175634e-09,43,1.0000211688448168,1.0000355891668113
98,98,ES,1.676426011444959e-09,34,0.9999592165137321,0.9999180722923673
99,99,ES,7.014044674028202e-09,35,1.0000361528262718,1.0000798614402453
100,100,ES,5.388422913068732e-09,43,1.0000046755311893,1.0000166767666792
101,101,ES,9.52594911832219e-09,37,0.9999161182910772,0.9998272538206778
102,102,ES,4.2092830904436846e-10,39,0.9999916856324361,0.9999852469661639
103,103,ES,9.919866139704369e-09,46,1.0000419995451246,1.000074969849644
104,104,ES,7.424331555595679e-09,33,1.0000507287836504,1.0000944952845991
105,105,ES,4.61638688350279e-10,36,0.9999811009895504,0.9999611802497195
106,106,ES,2.0035985230834853e-09,45,1.0000340695206948,1.0000710434180675
107,107,ES,4.075928755847468e-09,35,1.0000138701006671,1.0000339722065026
108,108,ES,9.66315012319601e-09,41,0.9999748244814528,0.9999591518824317
109,109,ES,1.0157259158123913e-09,38,1.0000314743956709,1.0000624488994285
110,110,ES,7.485264074330864e-09,38,0.9999475390334143,0.9999019605799216
111,111,ES,2.717416202431753e-09,38,1.000004805138711,1.0000044196099556
112,112,ES,1.3949597398918379e-09,49,1.0000028355081463,1.0000019468873407
113,113,ES,8.400046779786234e-09,40,0.9999759144487568,0.9999606725161329
114,114,ES,2.652772556214675e-09,42,1.0000486016430639,1.0000955007938614
115,115,ES,8.070503357162418e-09,32,1.0000693664409668,1.0001330291034212
116,116,ES,3.769655328301205e-09,43,0.999939208233611,0.9998775598346236
117,117,ES,6.012117854541841e-09,24,0.9999611270164791,0.9999289645000266
118,118,ES,4.750386741750417e-09,44,1.0000573149394014,1.0001184611978478
119,119,ES,3.905165942986962e-09,39,0.9999996868407501,0.9999931246273704
120,120,ES,7.404459216561074e-09,44,1.0000022720339117,0.999995942156293
121,121,ES,5.853433782757828e-09,46,0.9999558622865813,0.9999179757580833
122,122,ES,1.2244542063251566e-09,37,1.000034507102135,1.0000695960335257
123,123,ES,5.19334562348064e-09,32,0.9999603748763017,0.9999147320244598
124,124,ES,3.704530517300126e-09,39,0.9999876815493683,0.9999694027250918
125,125,ES,1.6478881454665771e-09,43,0.9999618510744371,0.9999250912195212
126,126,ES,4.441107455639299e-09,42,1.0000645649218156,1.0001274833205067
127,127,ES,7.375088342235441e-09,44,0.9999153989796833,0.999829329461917
128,128,ES,7.896937451651379e-09,34,0.9999208589564671,0.9998376823540259
129,129,ES,3.7094427943332892e-09,33,1.0000396106929081,1.0000838494392355
130,130,ES,3.376526727069049e-09,32,1.0000447391300287,1.0000931882759019
131,131,ES,9.440257215134007e-09,38,1.0000753732553063,1.0001568833658525
132,132,ES,8.815147133524587e-09,42,1.0000184665259897,1.0000461388992525
133,133,ES,3.13784526290732e-09,41,1.0000048125681749,1.0000040442237015
134,134,ES,9.13613683457446e-09,39,1.000070197895102,1.0001468879302604
135,135,ES,3.7465619117650326e-09,39,1.0000034040376953,1.000012919530702
136,136,ES,1.0768414842751589e-09,40,1.000002726714637,1.0000021832585615
137,137,ES,4.769557546959317e-09,37,1.0000381364049746,1.0000705165111594
138,138,ES,8.814669133104692e-09,33,0.9999619001311695,0.9999323825467238
139,139,ES,6.903036741883731e-10,41,1.0000117647710607,1.0000258789226133
140,140,ES,8.959969405584919e-09,40,1.0000839333795795,1.0001634975530667
141,141,ES,4.833136445048739e-09,41,0.9999408179050437,0.9998852870736769
142,142,ES,3.413590049143784e-09,41,1.0000443862669597,1.0000849752286627
143,143,ES,5.802741476837981e-09,33,1.000057659255659,1.0001202999396768
144,144,ES,8.70799379622058e-09,35,0.999978753855065,0.9999665947423606
145,145,ES,5.0659041875041495e-09,44,1.0000388704850947,1.000071780107771
146,146,ES,9.241743308072937e-09,38,0.9999241503745111,0.999842400083966
147,147,ES,4.255600019159953e-09,31,1.000014150047538,1.0000346684788506
148,148,ES,6.8705768086228085e-09,38,1.0000826960735631,1.0001659641072216
149,149,ES,8.484323217855061e-09,32,0.9999078954316117,0.9998156958235371
150,150,ES,6.564819706869769e-09,43,1.0000768372617734,1.000151109717668
151,151,ES,3.7079363987562343e-09,39,0.9999855766475277,0.9999652375050306
152,152,ES,3.427283598718329e-10,23,1.0000183157786293,1.0000363624374782
153,153,ES,8.36456886096611e-09,46,1.0000875687777417,1.0001777839318404
154,154,ES,4.823061336629338e-09,36,0.9999546597136217,0.9999040609509133
155,155,ES,7.570142299312436e-09,33,0.9999152291198491,0.9998285057314932
156,156,ES,5.694161221900998e-09,39,0.9999596981829886,0.9999130183940136
157,157,ES,2.607858970290278e-09,38,1.0000498973614103,1.000100884007371
158,158,ES,1.6415610122386467e-09,37,0.9999606802572084,0.9999223393978575
159,159,ES,6.381037444758656e-09,35,1.0000320485366536,1.0000714151549757
160,160,ES,1.250109807758554e-09,33,0.9999674635395688,0.9999335443438784
161,161,ES,8.607117627225581e-09,42,1.0000189353886855,1.0000287889728061
162,162,ES,2.8320725334035616e-09,41,0.9999584389451505,0.9999135558377661
163,163,ES,1.6098579106055897e-09,33,0.9999842264230892,0.9999647638509124
164,164,ES,9.974432560031094e-09,38,1.0000451165720068,1.0000813251135872
165,165,ES,9.1330209960462e-09,39,1.0000878214700926,1.000171881819572
166,166,ES,6.082650691583504e-09,31,0.9999339125545534,0.9998636880997777
167,167,ES,9.731654966114343e-09,35,1.000022948210272,1.0000554912343247
168,168,ES,2.8255877252646966e-09,38,0.9999668004883681,0.9999377534403501
169,169,ES,7.079193272500579e-09,35,0.9999693260406266,0.999930818290823
170,170,ES,1.462689275472396e-11,31,1.000000673920702,1.000000971375078
171,171,ES,6.423155605944698e-09,42,1.00002876800613,1.0000650171857253
172,172,ES,3.9809452892912286e-10,37,1.0000004134364877,1.0000028216753902
173,173,ES,9.096876678922431e-09,41,0.9999874254919283,0.9999843056427157
174,174,ES,2.628197515040571e-09,39,0.9999653014186944,0.9999343779067337
175,175,ES,4.648022100024984e-09,42,0.9999602047590208,0.9999259467686865
176,176,ES,7.356342790369998e-09,38,1.0000857455120418,1.0001716996213779
177,177,ES,3.16891133423031e-10,34,1.0000080227670098,1.0000176347061307
178,178,ES,4.553437404989395e-09,35,1.0000137620129537,1.000034130306735
179,179,ES,3.5119611979430242e-09,48,0.9999929616672549,0.9999918076198269
180,180,ES,9.831207590235878e-09,42,0.9999207956286308,0.9998475623232528
181,181,ES,7.572709128352268e-09,41,1.000076365860985,1.0001485650671607
182,182,ES,6.7914059049349585e-09,32,1.0000449632658348,1.0000968348625314
183,183,ES,3.704275133989463e-09,40,0.9999844989474365,0.9999631125659364
184,184,ES,2.822698015012531e-10,29,0.9999843463316759,0.9999680827242406
185,185,ES,7.338112165699857e-09,31,1.0000849423715608,1.0001687833299893
186,186,ES,8.596229301250839e-10,50,0.9999897655003459,0.9999822786096624
187,187,ES,6.2034187210355674e-09,43,1.000003330468561,0.9999987918143987
188,188,ES,1.1724210884978206e-09,36,0.9999825868004675,0.9999622256816891
189,189,ES,2.689748865730807e-09,35,1.000051310527694,1.000103378529953
190,190,ES,8.228233563864623e-09,41,0.9999142595203703,0.9998255653050107
191,191,ES,5.0823902335963566e-09,31,1.0000086986582326,1.0000103215716292
192,192,ES,1.2753788009412002e-09,39,0.9999714155543058,0.9999449727392314
193,193,ES,5.93093193282596e-09,38,0.9999769361888743,0.999946525125975
194,194,ES,4.713568202529296e-10,40,1.0000216944960716,1.0000434734663926
195,195,ES,3.7080441772874406e-09,43,0.9999910766345756,0.999988176983666
196,196,ES,2.7504304476693724e-10,38,1.000015529892149,1.000030478084803
197,197,ES,3.5678623868052455e-09,47,0.9999425456014358,0.9998834609357835
198,198,ES,6.2752378041052565e-09,44,1.0000792041506965,1.0001582752794447
199,199,ES,4.3844481636711626e-09,41,1.0000627061927505,1.000123289391254
200,200,ES,6.523261821041009e-10,32,1.0000102454485518,1.000018151435946
201,201,ES,1.4280541464650653e-09,36,1.0000277612029322,1.0000529592542446
202,202,ES,7.315295765429792e-09,56,0.9999145609374932,0.9998295223969376
203,203,ES,5.063815735026348e-09,39,0.9999680227942594,0.9999424037126392
204,204,ES,3.914664704886017e-09,45,0.9999518079679498,0.9999076084873773
205,205,ES,7.221241107432642e-09,43,1.0000058905591094,1.0000033038052067
206,206,ES,5.675781092539711e-09,28,1.000067215550712,1.0001378383400819
207,207,ES,9.564289368465916e-09,48,0.9999055434699191,0.9998085615901968
208,208,ES,9.953197942345518e-09,35,1.0000985377671416,1.0001955247748495
209,209,ES,2.0429809085422803e-09,34,0.9999577103086967,0.99991701790861
210,210,ES,2.670761426932339e-09,47,1.0000515348079992,1.0001026859430706
211,211,ES,3.902099898692018e-09,39,1.0000435611783132,1.0000916014448873
212,212,ES,3.988220282742207e-09,38,0.9999419415702482,0.9998863713432992
213,213,ES,3.876281163878996e-09,37,1.00005868026445,1.000115283328796
214,214,ES,1.3421791365530303e-09,38,0.999982548747932,0.9999618765693756
215,215,ES,7.808322194933416e-09,37,0.9999438889890396,0.9998946074554386
216,216,ES,7.455222195906019e-10,35,0.9999923551283675,0.9999873315327535
217,217,ES,7.450325684316313e-09,27,0.9999272859452281,0.9998499263800917
218,218,ES,9.937810868734524e-09,30,0.9999425056233404,0.9998768707156446
219,219,ES,2.9495929966652214e-09,38,1.0000515777555057,1.000101457206451
220,220,ES,5.2869755746106884e-11,44,1.0000013468365019,1.0000019791414931
221,221,ES,6.7189687604335e-09,37,1.0000648585635943,1.0001347336541317
222,222,ES,9.960513667844896e-10,35,1.000006980930024,1.0000108840556616
223,223,ES,4.449992941164739e-09,39,0.9999935784170374,0.999993796721856
224,224,ES,5.7729912626261795e-09,39,0.9999969619977629,1.0000015159490419
225,225,ES,5.10920995522096e-09,47,0.9999406968356042,0.9998774067687375
226,226,ES,5.692655342186336e-09,41,1.0000708435893175,1.000144288042581
227,227,ES,8.152668515762116e-09,37,1.000002425077863,0.9999958242059717
228,228,ES,9.68621569526751e-09,41,0.9999159607623044,0.9998370507178359
229,229,ES,4.353788920424988e-09,40,1.000037770410696,1.00007013190143
230,230,ES,4.059072472188919e-09,22,1.0000401494304632,1.000075353660085
231,231,ES,7.27100765023179e-09,39,1.0000851400734312,1.0001698164865063
232,232,ES,5.615215164469451e-10,35,0.9999960161270278,0.9999943681857485
233,233,ES,5.154544264507626e-09,39,1.000010753519188,1.0000144086287521
234,234,ES,4.019917928706681e-09,41,0.9999812202070626,0.9999684965386856
235,235,ES,2.0822305164690906e-09,42,0.9999657563719848,0.9999345298815439
236,236,ES,5.457280610559122e-09,41,1.000053294652855,1.0001014765223266
237,237,ES,7.828546647613326e-09,36,1.0000419708784967,1.0000917326083574
238,238,ES,7.304613579396622e-09,37,1.0000129669019642,1.0000174862072564
239,239,ES,2.285213559379504e-09,44,1.0000359086522006,1.000068662992057
240,240,ES,3.3070187920577592e-09,48,1.0000518157580864,1.0001011399155648
241,241,ES,6.525234847154391e-09,42,1.0000016212046643,1.0000113186775188
242,242,ES,8.86440402738453e-09,32,0.9999095999788757,0.9998218391757304
243,243,ES,9.321359209973856e-09,39,0.9999054442386606,0.9998089466049301
244,244,ES,1.7022454519526516e-09,34,0.9999644336228402,0.9999267773906899
245,245,ES,1.415091516439351e-09,33,0.9999855187576845,0.9999675658593846
246,246,ES,5.592651996092955e-09,36,1.0000695931941492,1.0001364536425643
247,247,ES,5.84852643332226e-09,40,0.9999709999619695,0.9999490771511852
248,248,ES,1.1696741590069652e-09,37,0.9999794192361904,0.9999561074012662
249,249,ES,9.294869229621572e-09,36,1.0000648382973532,1.0001368158280914
250,250,ES,2.2906858138683683e-09,35,0.9999825358050901,0.9999606158095804
251,251,ES,8.809644429881007e-10,39,0.9999978540231585,0.9999927477144104
252,252,ES,1.4741204073797065e-09,38,0.9999621387358737,0.9999236413702344
253,253,ES,3.489777157220048e-09,41,1.000003602718622,1.0000131018877718
254,254,ES,2.2569962456371186e-11,38,1.0000004476664313,1.0000013682977258
255,255,ES,4.573299964828331e-09,43,0.9999861026614998,0.9999788237968394
256,256,ES,8.034115485833485e-09,41,1.000076005373006,1.0001472654189991
257,257,ES,1.5577676508311399e-09,41,1.0000111902617985,1.0000261655473537
258,258,ES,8.889582761623644e-09,34,0.9999181950804944,0.9998317090626092
259,259,ES,2.9858882346705294e-09,42,1.0000542368265781,1.0001091418381842
260,260,ES,7.444129459000142e-09,28,0.9999382254504903,0.9998824780338461
261,261,ES,8.304919930275398e-10,36,0.9999775893476816,0.9999533674176588
262,262,ES,8.423615008978504e-09,35,1.0000109623223719,1.0000310370876153
263,263,ES,3.904345611731043e-09,34,0.999993956034667,0.9999941312827342
264,264,ES,4.746614188819125e-09,54,0.9999326065036731,0.9998637867073736
265,265,ES,4.046327722018689e-09,45,0.9999489190177043,0.9999016315033773
266,266,ES,1.3720947487496681e-09,36,1.000035247031732,1.0000693562645413
267,267,ES,9.888627516625452e-09,33,0.9999489132084796,0.9998892974576502
268,268,ES,1.3954110093483095e-09,43,0.9999627126634877,0.9999252016496607
269,269,ES,4.6356800967367385e-09,36,1.000012969948705,1.0000192561591916
270,270,ES,5.6826903098648245e-09,32,0.9999487925351005,0.9998920555266013
271,271,ES,1.8970596936218493e-09,39,1.0000166398344565,1.0000292548052991
272,272,ES,5.3227748097114595e-09,37,1.0000052521788803,1.000003227580122
273,273,ES,7.159103051726037e-09,35,1.0000501605147252,1.0001071375207362
274,274,ES,5.646728663316091e-09,41,0.9999742437814166,0.9999555475079555
275,275,ES,1.9985099373483105e-09,37,1.000044270052136,1.0000891639356495
276,276,ES,5.4216107764090725e-09,35,1.0000388576354269,1.00007146242633
277,277,ES,3.930747471727939e-09,34,1.0000477767796934,1.0000914961292173
278,278,ES,6.939433166526152e-09,31,1.0000384471601644,1.0000842858249281
279,279,ES,3.5210444025746144e-09,40,0.9999663841782428,0.9999376592931823
280,280,ES,6.368799802224592e-09,36,1.0000615318746577,1.0001281494920033
281,281,ES,6.152208140754881e-09,33,0.9999270887682868,0.9998570744964979
282,282,ES,1.1683834900399994e-09,30,0.999968464064319,0.9999382477142604
283,283,ES,2.7523192019380197e-09,26,1.0000229320250915,1.0000411460578325
284,284,ES,8.93111936860298e-09,31,0.9999283424355275,0.9998505285832804
285,285,ES,6.474506581619874e-09,40,1.0000377452148066,1.0000683856560757
286,286,ES,6.987656960742898e-10,38,0.9999735658569476,0.9999471366282983
287,287,ES,7.399396624783902e-11,35,1.0000067177565575,1.0000139728264545
288,288,ES,7.433694881920145e-09,33,0.9999875548479134,0.9999836414467324
289,289,ES,9.559655089700902e-09,41,1.0000608744962343,1.0001141015866208
290,290,ES,7.742447209976757e-09,43,1.0000075522656526,1.000023871235645
291,291,ES,1.7577849901272677e-09,40,0.9999619979473302,0.9999257682961367
292,292,ES,7.213208183555694e-10,41,0.9999734063103072,0.9999471887807235
293,293,ES,5.411082836612827e-09,34,1.000069342535503,1.0001362348934326
294,294,ES,8.981196084344144e-10,37,0.9999849062667582,0.999967223748349
295,295,ES,7.921732664168348e-09,37,0.9999110444340039,0.9998223907188913
296,296,ES,9.988650472059634e-09,43,0.9999452240570939,0.9998820915413066
297,297,ES,6.457652414182927e-09,36,1.0000192082354713,1.0000462198496414
298,298,ES,5.077009986316094e-09,33,0.9999690599056685,0.999944539273553
299,299,ES,3.963145624250984e-09,34,0.999941503420581,0.9998853368395106
